season,week,gameday,player_id,player_name,position,team,home_team,away_team,roof,temp,wind,passing_yards,passing_tds,interceptions,rushing_yards,rushing_tds,receptions,receiving_yards,receiving_tds,targets,carries,rushing_attempts,fumbles_lost,injury_status,injury_type,spread_line,total_line,game_id,fantasy_points
2022,1,2022-09-01,p_qb_kc,Patrick Demo,QB,KC,CHI,KC,outdoors,59.57075619631647,2.800079468797522,295.0,1,3,0.0,0,0,0.0,0,0,0,4,0,,,4.5,48.3,2022_1_KC_CHI,9.8
2022,1,2022-09-01,p_rb_kc,Isiah Demo,RB,KC,CHI,KC,outdoors,60.53126176123748,3.205586995855006,0.0,0,0,100.7,0,2,11.4,0,3,11,11,0,,,2.1,47.8,2022_1_KC_CHI,12.21
2022,1,2022-09-01,p_wr_kc,Rashee Demo,WR,KC,CHI,KC,outdoors,61.46231504511824,18.708238004352307,0.0,0,0,0.0,0,3,40.6,0,6,1,1,0,,,-3.4,41.9,2022_1_KC_CHI,5.5600000000000005
2022,1,2022-09-01,p_te_kc,Travis Demo,TE,KC,CHI,KC,outdoors,66.14881256805164,10.715771341525976,0.0,0,0,0.0,0,2,50.8,0,2,0,0,0,,,3.5,47.1,2022_1_KC_CHI,6.08
2022,1,2022-09-01,p_qb_buf,Josh Demo,QB,BUF,BUF,SF,outdoors,56.01368604233337,9.445596993449922,287.9,3,0,44.9,0,0,0.0,0,0,0,4,0,,,-1.3,46.8,2022_1_SF_BUF,28.006
2022,1,2022-09-01,p_rb_buf,James Demo,RB,BUF,BUF,SF,outdoors,65.66839869689282,11.966736175999626,0.0,0,0,57.8,0,4,21.2,0,4,9,9,0,,,0.6,49.5,2022_1_SF_BUF,9.9
2022,1,2022-09-01,p_wr_buf,Stefon Demo,WR,BUF,BUF,SF,outdoors,57.37809536615072,11.127951969836683,0.0,0,0,0.5,0,5,45.1,1,5,0,0,0,,,1.9,43.7,2022_1_SF_BUF,13.06
2022,1,2022-09-01,p_qb_sf,Brock Demo,QB,SF,BUF,SF,outdoors,62.211199883588634,10.232655880149721,289.9,1,1,0.0,0,0,0.0,0,0,0,1,0,Questionable,,-3.6,44.1,2022_1_SF_BUF,13.596
2022,1,2022-09-01,p_rb_sf,CMC Demo,RB,SF,BUF,SF,outdoors,49.65604043407861,11.687577842335433,0.0,0,0,37.3,1,1,18.2,0,3,16,16,0,,,-2.4,38.8,2022_1_SF_BUF,12.05
2022,1,2022-09-01,p_wr_sf,Deebo Demo,WR,SF,BUF,SF,outdoors,47.05760936404296,9.16338105677352,0.0,0,0,2.1,0,8,57.8,1,8,1,1,0,,,5.4,50.2,2022_1_SF_BUF,15.99
2022,1,2022-09-01,p_qb_no,Derek Demo,QB,NO,GB,NO,outdoors,76.94954336829343,2.0561847283857455,211.6,2,1,0.0,0,0,0.0,0,0,0,3,0,,,8.0,60.6,2022_1_NO_GB,14.463999999999999
2022,1,2022-09-01,p_wr_no,Chris Demo,WR,NO,GB,NO,outdoors,40.15692819952204,0.0,0.0,0,0,3.3,0,3,52.5,0,4,0,0,0,,,0.6,45.2,2022_1_NO_GB,7.08
2022,1,2022-09-01,p_qb_min,Kirk Demo,QB,MIN,MIN,LAR,dome,,,149.5,1,1,17.6,0,0,0.0,0,0,0,2,0,,,-3.9,42.4,2022_1_LAR_MIN,9.74
2022,1,2022-09-01,p_rb_min,Aaron Demo,RB,MIN,MIN,LAR,dome,,,0.0,0,0,41.3,0,1,43.6,0,1,13,13,1,,,-2.6,48.2,2022_1_LAR_MIN,6.99
2022,1,2022-09-01,p_qb_det,Jared Demo,QB,DET,DET,SEA,dome,,,176.5,6,2,23.6,0,0,0.0,0,0,0,3,0,Doubtful,knee,6.6,54.6,2022_1_SEA_DET,29.42
2022,1,2022-09-01,p_wr_det,Amon Demo,WR,DET,DET,SEA,dome,,,0.0,0,0,0.0,0,0,0.0,0,0,0,0,1,Out,shoulder,-0.0,45.2,2022_1_SEA_DET,-2.0
2022,1,2022-09-01,p_qb_phi,Jalen Demo,QB,PHI,PHI,DAL,outdoors,76.11222791970576,8.452924534508728,288.6,0,1,0.0,0,0,0.0,0,0,0,2,0,,,-5.3,46.2,2022_1_DAL_PHI,9.544
2022,1,2022-09-01,p_rb_phi,Saquon Demo,RB,PHI,PHI,DAL,outdoors,62.327712811738955,5.579152833332108,0.0,0,0,58.5,0,4,51.7,0,6,12,12,0,,,0.7,40.6,2022_1_DAL_PHI,13.020000000000001
2022,1,2022-09-01,p_wr_dal,CeeDee Demo,WR,DAL,PHI,DAL,outdoors,58.42342495208358,20.587370187669602,0.0,0,0,11.4,0,3,56.4,0,6,1,1,0,,,4.8,42.4,2022_1_DAL_PHI,8.280000000000001
2022,1,2022-09-01,p_te_phi,Dallas Demo,TE,PHI,PHI,DAL,outdoors,22.79066455392018,7.186670397275462,0.0,0,0,0.0,0,1,31.8,0,3,0,0,0,,,-0.4,37.2,2022_1_DAL_PHI,3.68
2022,2,2022-09-08,p_qb_kc,Patrick Demo,QB,KC,KC,BUF,outdoors,86.93870668042447,1.5628870936298451,184.2,1,0,7.6,0,0,0.0,0,0,0,6,0,,,-1.0,49.9,2022_2_BUF_KC,12.127999999999998
2022,2,2022-09-08,p_rb_kc,Isiah Demo,RB,KC,KC,BUF,outdoors,49.357658931548514,7.330885177419795,0.0,0,0,21.9,1,2,29.6,1,3,19,19,0,,,1.4,46.3,2022_2_BUF_KC,18.15
2022,2,2022-09-08,p_wr_kc,Rashee Demo,WR,KC,KC,BUF,outdoors,44.17662949685729,9.58247130836654,0.0,0,0,1.5,0,9,112.2,0,11,0,0,0,,,1.0,40.4,2022_2_BUF_KC,15.870000000000001
2022,2,2022-09-08,p_te_kc,Travis Demo,TE,KC,KC,BUF,outdoors,58.94123837720708,10.400717016958055,0.0,0,0,0.0,0,0,0.0,0,0,0,0,0,Out,ankle,1.1,46.3,2022_2_BUF_KC,0.0
2022,2,2022-09-08,p_qb_buf,Josh Demo,QB,BUF,KC,BUF,outdoors,53.44767597901059,6.7401131089655735,259.2,2,1,7.6,0,0,0.0,0,0,0,3,0,,,-6.1,50.3,2022_2_BUF_KC,17.128000000000004
2022,2,2022-09-08,p_rb_buf,James Demo,RB,BUF,KC,BUF,outdoors,54.08013481256729,2.7355074464802547,0.0,0,0,58.3,0,4,59.6,0,6,16,16,0,,,1.8,50.1,2022_2_BUF_KC,13.790000000000001
2022,2,2022-09-08,p_wr_buf,Stefon Demo,WR,BUF,KC,BUF,outdoors,55.998187237888075,4.512880883498616,0.0,0,0,6.9,0,2,88.5,0,5,0,0,0,,,3.0,55.1,2022_2_BUF_KC,10.54
2022,2,2022-09-08,p_qb_sf,Brock Demo,QB,SF,SF,PHI,outdoors,31.41939616520139,7.665234135508996,179.7,5,1,21.2,0,0,0.0,0,0,0,4,0,,,1.2,46.4,2022_2_PHI_SF,27.308
2022,2,2022-09-08,p_rb_sf,CMC Demo,RB,SF,SF,PHI,outdoors,79.24314522476811,0.0,0.0,0,0,49.3,1,0,54.5,0,2,11,11,0,,,4.3,47.2,2022_2_PHI_SF,16.38
2022,2,2022-09-08,p_wr_sf,Deebo Demo,WR,SF,SF,PHI,outdoors,59.05514858922589,3.6832736763030915,0.0,0,0,1.3,0,4,76.5,0,5,1,1,0,,,5.9,42.3,2022_2_PHI_SF,9.780000000000001
2022,2,2022-09-08,p_qb_no,Derek Demo,QB,NO,NO,MIN,dome,,,262.1,1,3,61.6,0,0,0.0,0,0,0,0,0,,,-1.8,46.5,2022_2_MIN_NO,14.644000000000002
2022,2,2022-09-08,p_wr_no,Chris Demo,WR,NO,NO,MIN,dome,,,0.0,0,0,0.0,0,2,17.0,0,3,0,0,0,Questionable,ankle,1.1,38.9,2022_2_MIN_NO,2.7
2022,2,2022-09-08,p_qb_min,Kirk Demo,QB,MIN,NO,MIN,dome,,,253.3,2,2,30.2,0,0,0.0,0,0,0,4,0,,,-0.7,47.0,2022_2_MIN_NO,17.152
2022,2,2022-09-08,p_rb_min,Aaron Demo,RB,MIN,NO,MIN,dome,,,0.0,0,0,56.2,0,2,22.6,1,4,7,7,0,,,-9.3,42.6,2022_2_MIN_NO,14.88
2022,2,2022-09-08,p_qb_det,Jared Demo,QB,DET,BAL,DET,outdoors,50.726739004261375,8.988950409709261,315.4,1,0,42.1,0,0,0.0,0,0,0,1,0,,,-5.9,41.6,2022_2_DET_BAL,20.826
2022,2,2022-09-08,p_wr_det,Amon Demo,WR,DET,BAL,DET,outdoors,67.05377529067903,16.60384915582992,0.0,0,0,0.0,0,5,33.8,1,7,0,0,0,,,3.7,43.0,2022_2_DET_BAL,11.879999999999999
2022,2,2022-09-08,p_qb_phi,Jalen Demo,QB,PHI,SF,PHI,outdoors,38.95371383065465,4.728583616562222,275.7,2,1,0.0,0,0,0.0,0,0,0,2,0,Doubtful,knee,1.5,45.3,2022_2_PHI_SF,17.028
2022,2,2022-09-08,p_rb_phi,Saquon Demo,RB,PHI,SF,PHI,outdoors,84.26518840189449,18.384902645268767,0.0,0,0,72.4,1,5,8.1,0,6,15,15,0,,,-6.4,35.6,2022_2_PHI_SF,16.55
2022,2,2022-09-08,p_wr_dal,CeeDee Demo,WR,DAL,DAL,MIA,dome,,,0.0,0,0,0.0,0,4,123.1,1,6,0,0,0,,,-1.6,44.6,2022_2_MIA_DAL,20.310000000000002
2022,2,2022-09-08,p_te_phi,Dallas Demo,TE,PHI,SF,PHI,outdoors,64.2875667546309,6.303707580579923,0.0,0,0,0.0,0,6,16.5,0,7,0,0,0,,,0.9,53.2,2022_2_PHI_SF,4.65
2022,3,2022-09-15,p_qb_kc,Patrick Demo,QB,KC,CHI,KC,outdoors,63.71165642994695,7.716084028036542,239.8,3,0,28.3,0,0,0.0,0,0,0,3,0,,,1.8,44.5,2022_3_KC_CHI,24.421999999999997
2022,3,2022-09-15,p_rb_kc,Isiah Demo,RB,KC,CHI,KC,outdoors,27.528908736773147,6.321963159406769,0.0,0,0,0.3,0,5,42.9,0,7,0,0,0,Doubtful,,9.7,48.2,2022_3_KC_CHI,6.82
2022,3,2022-09-15,p_wr_kc,Rashee Demo,WR,KC,CHI,KC,outdoors,61.976203142504595,0.19520823502778573,0.0,0,0,0.5,0,5,62.4,1,8,1,1,0,,,-2.8,50.5,2022_3_KC_CHI,14.79
2022,3,2022-09-15,p_te_kc,Travis Demo,TE,KC,CHI,KC,outdoors,40.44775720522881,3.5615217214272015,0.0,0,0,0.0,0,6,40.2,0,8,0,0,0,,,0.5,47.3,2022_3_KC_CHI,7.0200000000000005
2022,3,2022-09-15,p_qb_buf,Josh Demo,QB,BUF,BUF,SF,outdoors,49.57344283833743,3.2943895203752085,223.1,0,0,27.7,0,0,0.0,0,0,0,5,0,,,-3.1,37.6,2022_3_SF_BUF,11.693999999999999
2022,3,2022-09-15,p_rb_buf,James Demo,RB,BUF,BUF,SF,outdoors,58.71498851663415,7.103866872751226,0.0,0,0,61.1,0,3,4.8,0,4,17,17,0,,,2.2,47.5,2022_3_SF_BUF,8.09
2022,3,2022-09-15,p_wr_buf,Stefon Demo,WR,BUF,BUF,SF,outdoors,53.693587434212354,6.464583908327116,0.0,0,0,0.0,0,2,27.7,0,5,1,1,0,,,-0.3,47.7,2022_3_SF_BUF,3.77
2022,3,2022-09-15,p_qb_sf,Brock Demo,QB,SF,BUF,SF,outdoors,43.51697083855431,12.500922820099817,294.4,0,1,18.8,0,0,0.0,0,0,0,2,0,,,-3.6,46.9,2022_3_SF_BUF,11.656
2022,3,2022-09-15,p_rb_sf,CMC Demo,RB,SF,BUF,SF,outdoors,75.04279150018256,14.239749925297158,0.0,0,0,61.2,0,0,1.9,0,1,17,17,0,,,-4.7,41.8,2022_3_SF_BUF,6.310000000000001
2022,3,2022-09-15,p_wr_sf,Deebo Demo,WR,SF,BUF,SF,outdoors,79.16674222749431,1.8881284373004839,0.0,0,0,3.2,0,8,15.4,1,11,1,1,0,,,3.3,47.2,2022_3_SF_BUF,11.86
2022,3,2022-09-15,p_qb_no,Derek Demo,QB,NO,GB,NO,outdoors,62.731156043512165,5.112305563221748,326.5,4,0,25.8,0,0,0.0,0,0,0,3,0,,,1.8,42.0,2022_3_NO_GB,31.64
2022,3,2022-09-15,p_wr_no,Chris Demo,WR,NO,GB,NO,outdoors,65.707302047236,9.208222608383757,0.0,0,0,0.0,0,7,51.8,1,10,1,1,0,,,1.9,43.3,2022_3_NO_GB,14.68
2022,3,2022-09-15,p_qb_min,Kirk Demo,QB,MIN,MIN,LAR,dome,,,331.8,2,1,0.0,0,0,0.0,0,0,0,2,0,Questionable,hamstring,-4.5,48.9,2022_3_LAR_MIN,19.272
2022,3,2022-09-15,p_rb_min,Aaron Demo,RB,MIN,MIN,LAR,dome,,,0.0,0,0,0.0,0,0,0.0,0,0,0,0,0,Out,,-5.1,37.3,2022_3_LAR_MIN,0.0
2022,3,2022-09-15,p_qb_det,Jared Demo,QB,DET,DET,SEA,dome,,,226.6,1,0,0.0,0,0,0.0,0,0,0,3,0,,,0.7,52.1,2022_3_SEA_DET,13.064
2022,3,2022-09-15,p_wr_det,Amon Demo,WR,DET,DET,SEA,dome,,,0.0,0,0,0.0,0,4,37.9,0,5,1,1,0,,,-6.5,48.4,2022_3_SEA_DET,5.79
2022,3,2022-09-15,p_qb_phi,Jalen Demo,QB,PHI,PHI,DAL,outdoors,16.52883487269149,11.924220183040674,266.3,1,0,22.0,0,0,0.0,0,0,0,3,0,,,1.6,45.2,2022_3_DAL_PHI,16.852
2022,3,2022-09-15,p_rb_phi,Saquon Demo,RB,PHI,PHI,DAL,outdoors,64.3762780187223,14.258625042825976,0.0,0,0,51.8,0,1,16.3,0,1,21,21,0,,,-1.7,47.6,2022_3_DAL_PHI,7.31
2022,3,2022-09-15,p_wr_dal,CeeDee Demo,WR,DAL,PHI,DAL,outdoors,69.28080479709836,0.0,0.0,0,0,0.0,0,3,0.0,1,5,1,1,0,,,4.5,44.8,2022_3_DAL_PHI,7.5
2022,3,2022-09-15,p_te_phi,Dallas Demo,TE,PHI,PHI,DAL,outdoors,54.14568188179707,13.245868107206746,0.0,0,0,0.0,0,2,22.2,0,3,0,0,0,,,2.6,45.9,2022_3_DAL_PHI,3.22
2022,4,2022-09-22,p_qb_kc,Patrick Demo,QB,KC,KC,BUF,outdoors,39.47382828939038,7.939576746058663,237.4,1,0,8.0,0,0,0.0,0,0,0,2,0,,,-9.1,38.5,2022_4_BUF_KC,14.296000000000001
2022,4,2022-09-22,p_rb_kc,Isiah Demo,RB,KC,KC,BUF,outdoors,76.91768300080494,9.412934914596482,0.0,0,0,96.9,1,0,34.0,0,1,13,13,1,Questionable,,0.6,49.9,2022_4_BUF_KC,17.090000000000003
2022,4,2022-09-22,p_wr_kc,Rashee Demo,WR,KC,KC,BUF,outdoors,30.70192008412345,0.0,0.0,0,0,7.0,0,7,34.4,0,8,0,0,0,Questionable,hamstring,2.1,44.1,2022_4_BUF_KC,7.640000000000001
2022,4,2022-09-22,p_te_kc,Travis Demo,TE,KC,KC,BUF,outdoors,55.17176937505982,6.503676480573718,0.0,0,0,0.0,0,1,96.2,0,2,0,0,0,,,-3.7,50.3,2022_4_BUF_KC,10.120000000000001
2022,4,2022-09-22,p_qb_buf,Josh Demo,QB,BUF,KC,BUF,outdoors,61.638184363060795,14.248326335218886,288.1,1,0,0.0,1,0,0.0,0,0,0,1,0,,,6.7,54.6,2022_4_BUF_KC,21.524
2022,4,2022-09-22,p_rb_buf,James Demo,RB,BUF,KC,BUF,outdoors,58.82820125283812,14.753125604763284,0.0,0,0,70.4,1,0,32.9,0,0,13,13,0,,,7.2,50.5,2022_4_BUF_KC,16.330000000000002
2022,4,2022-09-22,p_wr_buf,Stefon Demo,WR,BUF,KC,BUF,outdoors,58.73180964701624,8.221061890520991,0.0,0,0,1.0,0,2,60.5,1,5,0,0,1,,,1.6,37.1,2022_4_BUF_KC,11.15
2022,4,2022-09-22,p_qb_sf,Brock Demo,QB,SF,SF,PHI,outdoors,69.93552078849885,13.296118694481605,311.6,1,1,22.6,0,0,0.0,0,0,0,5,0,,,-5.0,44.4,2022_4_PHI_SF,16.724
2022,4,2022-09-22,p_rb_sf,CMC Demo,RB,SF,SF,PHI,outdoors,51.96875131915894,5.110529459611721,0.0,0,0,78.9,0,1,31.2,0,2,15,15,0,,,-4.6,43.6,2022_4_PHI_SF,11.510000000000002
2022,4,2022-09-22,p_wr_sf,Deebo Demo,WR,SF,SF,PHI,outdoors,37.5688073089857,0.0,0.0,0,0,0.0,0,5,65.9,0,5,1,1,0,,,1.6,53.8,2022_4_PHI_SF,9.09
2022,4,2022-09-22,p_qb_no,Derek Demo,QB,NO,NO,MIN,dome,,,227.2,2,0,51.7,1,0,0.0,0,0,0,6,0,,,7.0,45.5,2022_4_MIN_NO,28.258000000000003
2022,4,2022-09-22,p_wr_no,Chris Demo,WR,NO,NO,MIN,dome,,,0.0,0,0,3.8,0,11,90.5,0,11,1,1,0,Doubtful,hamstring,3.6,46.2,2022_4_MIN_NO,14.93
2022,4,2022-09-22,p_qb_min,Kirk Demo,QB,MIN,NO,MIN,dome,,,250.8,0,1,28.3,0,0,0.0,0,0,0,0,0,,,0.3,42.5,2022_4_MIN_NO,10.862
2022,4,2022-09-22,p_rb_min,Aaron Demo,RB,MIN,NO,MIN,dome,,,0.0,0,0,23.0,0,1,24.1,1,2,8,8,0,Doubtful,ankle,-7.6,36.2,2022_4_MIN_NO,11.21
2022,4,2022-09-22,p_qb_det,Jared Demo,QB,DET,BAL,DET,outdoors,51.68549023320469,7.482899432126833,248.3,4,0,39.9,0,0,0.0,0,0,0,0,0,,,-3.3,43.2,2022_4_DET_BAL,29.922000000000004
2022,4,2022-09-22,p_wr_det,Amon Demo,WR,DET,BAL,DET,outdoors,55.57871684471375,6.441268345887765,0.0,0,0,7.2,0,3,39.1,0,5,1,1,0,,,0.4,45.3,2022_4_DET_BAL,6.130000000000001
2022,4,2022-09-22,p_qb_phi,Jalen Demo,QB,PHI,SF,PHI,outdoors,45.66688832057923,18.30149085262039,236.5,0,0,0.0,0,0,0.0,0,0,0,3,0,,,-2.5,50.9,2022_4_PHI_SF,9.46
2022,4,2022-09-22,p_rb_phi,Saquon Demo,RB,PHI,SF,PHI,outdoors,76.54452634844937,10.647067035628611,0.0,0,0,117.7,1,2,7.7,0,3,11,11,0,,,7.5,45.2,2022_4_PHI_SF,19.540000000000003
2022,4,2022-09-22,p_wr_dal,CeeDee Demo,WR,DAL,DAL,MIA,dome,,,0.0,0,0,0.8,0,5,65.2,0,5,0,0,0,Doubtful,,2.4,40.2,2022_4_MIA_DAL,9.100000000000001
2022,4,2022-09-22,p_te_phi,Dallas Demo,TE,PHI,SF,PHI,outdoors,69.10434197325384,12.329843192085766,0.0,0,0,0.0,0,4,67.2,0,4,0,0,0,,,1.2,44.2,2022_4_PHI_SF,8.72
2022,5,2022-09-29,p_qb_kc,Patrick Demo,QB,KC,CHI,KC,outdoors,11.041084362208366,9.914428681925248,31.1,1,1,0.8,0,0,0.0,0,0,0,2,0,,,-0.0,48.0,2022_5_KC_CHI,3.324
2022,5,2022-09-29,p_rb_kc,Isiah Demo,RB,KC,CHI,KC,outdoors,56.965406742901294,2.988280096545994,0.0,0,0,66.2,1,0,19.9,1,1,14,14,0,,,-0.4,47.1,2022_5_KC_CHI,20.61
2022,5,2022-09-29,p_wr_kc,Rashee Demo,WR,KC,CHI,KC,outdoors,40.00431656995928,2.792061836893641,0.0,0,0,7.5,0,4,22.5,0,5,1,1,0,,,0.9,49.7,2022_5_KC_CHI,5.0
2022,5,2022-09-29,p_te_kc,Travis Demo,TE,KC,CHI,KC,outdoors,64.47972225642093,0.9786545095462547,0.0,0,0,0.0,0,4,37.4,0,6,0,0,0,,,5.9,55.0,2022_5_KC_CHI,5.74
2022,5,2022-09-29,p_qb_buf,Josh Demo,QB,BUF,BUF,SF,outdoors,53.35398727554725,9.763600815131715,296.0,2,1,6.7,0,0,0.0,0,0,0,3,0,,,2.7,44.1,2022_5_SF_BUF,18.51
2022,5,2022-09-29,p_rb_buf,James Demo,RB,BUF,BUF,SF,outdoors,60.68263905187592,1.8259345654426067,0.0,0,0,120.5,0,0,4.1,0,0,12,12,0,,,2.5,47.7,2022_5_SF_BUF,12.46
2022,5,2022-09-29,p_wr_buf,Stefon Demo,WR,BUF,BUF,SF,outdoors,61.14742685993039,11.080673340011192,0.0,0,0,0.0,0,4,0.0,0,4,0,0,0,,,4.8,47.0,2022_5_SF_BUF,2.0
2022,5,2022-09-29,p_qb_sf,Brock Demo,QB,SF,BUF,SF,outdoors,62.277416688186065,5.360411813378432,249.9,4,1,17.0,0,0,0.0,0,0,0,1,0,Questionable,shoulder,2.2,41.2,2022_5_SF_BUF,25.696
2022,5,2022-09-29,p_rb_sf,CMC Demo,RB,SF,BUF,SF,outdoors,36.37366706682411,6.979657077805755,0.0,0,0,73.8,0,0,54.4,0,1,14,14,0,,,-0.6,53.3,2022_5_SF_BUF,12.82
2022,5,2022-09-29,p_wr_sf,Deebo Demo,WR,SF,BUF,SF,outdoors,71.98351858268872,4.778164398934885,0.0,0,0,1.7,0,2,78.7,0,3,0,0,0,,,-4.5,44.9,2022_5_SF_BUF,9.040000000000001
2022,5,2022-09-29,p_qb_no,Derek Demo,QB,NO,GB,NO,outdoors,41.30683019921759,9.133930230545676,329.1,3,0,23.7,0,0,0.0,0,0,0,3,0,,,-5.6,38.3,2022_5_NO_GB,27.534000000000002
2022,5,2022-09-29,p_wr_no,Chris Demo,WR,NO,GB,NO,outdoors,50.8494986487143,5.019555501719167,0.0,0,0,2.0,0,6,70.4,0,6,0,0,0,,,6.3,48.5,2022_5_NO_GB,10.240000000000002
2022,5,2022-09-29,p_qb_min,Kirk Demo,QB,MIN,MIN,LAR,dome,,,324.5,1,0,25.4,0,0,0.0,0,0,0,4,0,,,-3.2,52.5,2022_5_LAR_MIN,19.52
2022,5,2022-09-29,p_rb_min,Aaron Demo,RB,MIN,MIN,LAR,dome,,,0.0,0,0,122.1,0,0,20.2,0,2,14,14,0,,,-1.4,47.8,2022_5_LAR_MIN,14.23
2022,5,2022-09-29,p_qb_det,Jared Demo,QB,DET,DET,SEA,dome,,,277.0,0,0,10.3,1,0,0.0,0,0,0,2,0,,,-0.4,44.8,2022_5_SEA_DET,18.11
2022,5,2022-09-29,p_wr_det,Amon Demo,WR,DET,DET,SEA,dome,,,0.0,0,0,0.0,0,4,44.4,1,5,0,0,0,,,0.2,46.2,2022_5_SEA_DET,12.440000000000001
2022,5,2022-09-29,p_qb_phi,Jalen Demo,QB,PHI,PHI,DAL,outdoors,55.05694377432189,16.5939750152493,110.8,1,1,24.5,0,0,0.0,0,0,0,5,0,,,0.7,50.8,2022_5_DAL_PHI,8.882000000000001
2022,5,2022-09-29,p_rb_phi,Saquon Demo,RB,PHI,PHI,DAL,outdoors,46.577754598256746,11.489084195000023,0.0,0,0,73.9,0,5,0.0,0,6,12,12,0,,,-6.0,41.1,2022_5_DAL_PHI,9.89
2022,5,2022-09-29,p_wr_dal,CeeDee Demo,WR,DAL,PHI,DAL,outdoors,91.86136138113838,17.00870973873573,0.0,0,0,0.0,0,4,30.5,0,4,1,1,0,,,-0.3,38.0,2022_5_DAL_PHI,5.050000000000001
2022,5,2022-09-29,p_te_phi,Dallas Demo,TE,PHI,PHI,DAL,outdoors,57.229406429542465,9.831047988919687,0.0,0,0,0.0,0,4,12.0,0,4,0,0,0,,,2.5,45.9,2022_5_DAL_PHI,3.2
2022,6,2022-10-06,p_qb_kc,Patrick Demo,QB,KC,KC,BUF,outdoors,50.25703443128218,9.826818710318838,286.8,2,1,53.7,0,0,0.0,0,0,0,0,0,,,5.9,40.7,2022_6_BUF_KC,22.842000000000002
2022,6,2022-10-06,p_rb_kc,Isiah Demo,RB,KC,KC,BUF,outdoors,47.707088039514296,10.101133547372928,0.0,0,0,66.4,0,1,10.8,1,2,15,15,0,,,-2.0,45.1,2022_6_BUF_KC,14.22
2022,6,2022-10-06,p_wr_kc,Rashee Demo,WR,KC,KC,BUF,outdoors,15.22437497621197,1.109953615760669,0.0,0,0,0.0,0,0,29.1,0,1,1,1,1,,,1.6,49.9,2022_6_BUF_KC,0.9100000000000001
2022,6,2022-10-06,p_te_kc,Travis Demo,TE,KC,KC,BUF,outdoors,62.85926431289006,11.643571170371729,0.0,0,0,0.0,0,2,59.0,0,4,0,0,0,,,-4.5,40.1,2022_6_BUF_KC,6.9
2022,6,2022-10-06,p_qb_buf,Josh Demo,QB,BUF,KC,BUF,outdoors,20.727691967570202,8.432527709607308,269.6,1,0,27.4,0,0,0.0,0,0,0,5,0,,,6.7,43.3,2022_6_BUF_KC,17.524
2022,6,2022-10-06,p_rb_buf,James Demo,RB,BUF,KC,BUF,outdoors,56.01979939076633,5.939253107715162,0.0,0,0,6.7,0,0,44.3,0,1,15,15,0,,,-2.5,49.9,2022_6_BUF_KC,5.1
2022,6,2022-10-06,p_wr_buf,Stefon Demo,WR,BUF,KC,BUF,outdoors,81.09472062896518,5.588837606485395,0.0,0,0,7.0,0,5,88.9,0,6,1,1,0,,,-3.3,49.3,2022_6_BUF_KC,12.09
2022,6,2022-10-06,p_qb_sf,Brock Demo,QB,SF,SF,PHI,outdoors,63.9033204235835,15.684828269588223,337.0,3,0,47.4,0,0,0.0,0,0,0,2,0,,,-8.7,35.9,2022_6_PHI_SF,30.22
2022,6,2022-10-06,p_rb_sf,CMC Demo,RB,SF,SF,PHI,outdoors,55.90702672176052,9.252231501303804,0.0,0,0,23.6,0,7,41.5,0,9,11,11,0,,,-8.5,47.3,2022_6_PHI_SF,10.010000000000002
2022,6,2022-10-06,p_wr_sf,Deebo Demo,WR,SF,SF,PHI,outdoors,31.36571009244077,4.69291553846592,0.0,0,0,0.0,0,3,66.6,0,3,0,0,0,,,3.0,44.7,2022_6_PHI_SF,8.16
2022,6,2022-10-06,p_qb_no,Derek Demo,QB,NO,NO,MIN,dome,,,190.2,1,0,0.0,0,0,0.0,0,0,0,1,1,,,2.3,55.2,2022_6_MIN_NO,9.608
2022,6,2022-10-06,p_wr_no,Chris Demo,WR,NO,NO,MIN,dome,,,0.0,0,0,3.9,0,2,100.7,1,4,1,1,0,,,-6.3,47.1,2022_6_MIN_NO,17.46
2022,6,2022-10-06,p_qb_min,Kirk Demo,QB,MIN,NO,MIN,dome,,,267.6,1,0,0.0,1,0,0.0,0,0,0,4,0,,,1.6,55.3,2022_6_MIN_NO,20.704
2022,6,2022-10-06,p_rb_min,Aaron Demo,RB,MIN,NO,MIN,dome,,,0.0,0,0,0.0,0,0,0.0,0,0,0,0,0,Out,,9.2,47.6,2022_6_MIN_NO,0.0
2022,6,2022-10-06,p_qb_det,Jared Demo,QB,DET,BAL,DET,outdoors,68.73895453419398,7.4542742421933275,234.8,2,0,53.3,0,0,0.0,0,0,0,2,0,Questionable,knee,-1.0,44.1,2022_6_DET_BAL,22.722
2022,6,2022-10-06,p_wr_det,Amon Demo,WR,DET,BAL,DET,outdoors,29.001863451865255,12.31000025206067,0.0,0,0,0.1,0,5,31.2,1,7,1,1,0,,,-6.1,50.1,2022_6_DET_BAL,11.629999999999999
2022,6,2022-10-06,p_qb_phi,Jalen Demo,QB,PHI,SF,PHI,outdoors,30.920931293011485,7.878513081145923,271.9,4,0,8.7,0,0,0.0,0,0,0,0,0,,,5.0,40.6,2022_6_PHI_SF,27.746
2022,6,2022-10-06,p_rb_phi,Saquon Demo,RB,PHI,SF,PHI,outdoors,41.262647840553434,4.6404398816016155,0.0,0,0,121.7,1,3,0.0,0,5,17,17,0,,,2.3,39.0,2022_6_PHI_SF,19.67
2022,6,2022-10-06,p_wr_dal,CeeDee Demo,WR,DAL,DAL,MIA,dome,,,0.0,0,0,0.4,0,4,50.3,1,4,1,1,0,Questionable,ankle,-0.0,48.6,2022_6_MIA_DAL,13.07
2022,6,2022-10-06,p_te_phi,Dallas Demo,TE,PHI,SF,PHI,outdoors,88.44597762114323,0.16034791784750713,0.0,0,0,0.0,0,6,79.2,1,7,0,0,0,,,4.0,50.9,2022_6_PHI_SF,16.92
2022,7,2022-10-13,p_qb_kc,Patrick Demo,QB,KC,CHI,KC,outdoors,51.741607626719855,6.952955864801959,273.4,2,0,33.4,0,0,0.0,0,0,0,4,0,Doubtful,shoulder,-3.5,37.8,2022_7_KC_CHI,22.276
2022,7,2022-10-13,p_rb_kc,Isiah Demo,RB,KC,CHI,KC,outdoors,53.7482682516011,5.800061477351456,0.0,0,0,0.0,0,5,11.7,1,5,7,7,0,,,-0.6,47.5,2022_7_KC_CHI,9.67
2022,7,2022-10-13,p_wr_kc,Rashee Demo,WR,KC,CHI,KC,outdoors,77.74660150884105,6.467171893564711,0.0,0,0,0.0,0,4,80.3,0,6,1,1,0,,,-0.5,57.5,2022_7_KC_CHI,10.03
2022,7,2022-10-13,p_te_kc,Travis Demo,TE,KC,CHI,KC,outdoors,81.77977591337091,9.786597113553134,0.0,0,0,0.0,0,5,26.9,0,6,0,0,0,,,0.2,39.6,2022_7_KC_CHI,5.1899999999999995
2022,7,2022-10-13,p_qb_buf,Josh Demo,QB,BUF,BUF,SF,outdoors,33.592953967206384,0.0,256.6,0,1,11.2,0,0,0.0,0,0,0,7,0,Doubtful,hamstring,-1.6,54.5,2022_7_SF_BUF,9.384
2022,7,2022-10-13,p_rb_buf,James Demo,RB,BUF,BUF,SF,outdoors,63.44969610274637,8.572922185119392,0.0,0,0,81.5,0,1,42.6,0,3,14,14,0,,,-0.1,42.9,2022_7_SF_BUF,12.91
2022,7,2022-10-13,p_wr_buf,Stefon Demo,WR,BUF,BUF,SF,outdoors,49.695778875795334,2.480056823141693,0.0,0,0,3.6,0,2,86.4,0,2,0,0,0,,,5.3,47.7,2022_7_SF_BUF,10.0
2022,7,2022-10-13,p_qb_sf,Brock Demo,QB,SF,BUF,SF,outdoors,62.48079161604585,0.0,247.4,1,0,26.0,0,0,0.0,0,0,0,0,0,,,0.8,42.4,2022_7_SF_BUF,16.496000000000002
2022,7,2022-10-13,p_rb_sf,CMC Demo,RB,SF,BUF,SF,outdoors,50.27238415172164,0.0,0.0,0,0,25.6,0,2,21.2,0,4,19,19,0,,,-0.7,35.3,2022_7_SF_BUF,5.680000000000001
2022,7,2022-10-13,p_wr_sf,Deebo Demo,WR,SF,BUF,SF,outdoors,63.33040342762863,9.546957850784725,0.0,0,0,6.9,0,2,125.3,1,2,1,1,0,,,-3.7,53.6,2022_7_SF_BUF,20.22
2022,7,2022-10-13,p_qb_no,Derek Demo,QB,NO,GB,NO,outdoors,67.59883907699196,9.18477694359623,243.7,2,1,22.9,0,0,0.0,0,0,0,1,0,Doubtful,shoulder,-5.5,42.9,2022_7_NO_GB,18.037999999999997
2022,7,2022-10-13,p_wr_no,Chris Demo,WR,NO,GB,NO,outdoors,66.57299889642879,12.045606554951219,0.0,0,0,1.3,0,4,69.2,0,5,1,1,0,,,-2.5,40.2,2022_7_NO_GB,9.05
2022,7,2022-10-13,p_qb_min,Kirk Demo,QB,MIN,MIN,LAR,dome,,,293.8,1,2,0.0,0,0,0.0,0,0,0,3,0,,,-8.9,47.7,2022_7_LAR_MIN,11.752
2022,7,2022-10-13,p_rb_min,Aaron Demo,RB,MIN,MIN,LAR,dome,,,0.0,0,0,64.6,0,1,22.6,0,3,2,2,0,,,-3.9,43.7,2022_7_LAR_MIN,9.22
2022,7,2022-10-13,p_qb_det,Jared Demo,QB,DET,DET,SEA,dome,,,165.4,3,0,19.8,0,0,0.0,0,0,0,0,0,,,4.5,52.3,2022_7_SEA_DET,20.596
2022,7,2022-10-13,p_wr_det,Amon Demo,WR,DET,DET,SEA,dome,,,0.0,0,0,0.4,0,7,80.2,0,7,1,1,0,,,1.2,44.7,2022_7_SEA_DET,11.560000000000002
2022,7,2022-10-13,p_qb_phi,Jalen Demo,QB,PHI,PHI,DAL,outdoors,56.17898059172556,4.609642357532504,281.9,1,0,0.0,0,0,0.0,0,0,0,3,0,,,4.7,47.0,2022_7_DAL_PHI,15.276
2022,7,2022-10-13,p_rb_phi,Saquon Demo,RB,PHI,PHI,DAL,outdoors,19.83553159316984,15.952261489580117,0.0,0,0,83.1,0,0,8.4,0,1,15,15,0,Doubtful,,-7.1,50.9,2022_7_DAL_PHI,9.15
2022,7,2022-10-13,p_wr_dal,CeeDee Demo,WR,DAL,PHI,DAL,outdoors,51.94327208313178,0.6444238280755483,0.0,0,0,4.5,0,0,84.5,1,1,1,1,0,,,4.7,45.1,2022_7_DAL_PHI,14.9
2022,7,2022-10-13,p_te_phi,Dallas Demo,TE,PHI,PHI,DAL,outdoors,47.40095956043196,14.364413843773317,0.0,0,0,0.0,0,5,35.4,0,7,0,0,0,,,-7.0,49.8,2022_7_DAL_PHI,6.04
2022,8,2022-10-20,p_qb_kc,Patrick Demo,QB,KC,KC,BUF,outdoors,90.80427699360884,2.4993222313784713,243.8,2,0,15.0,0,0,0.0,0,0,0,1,0,,,-6.4,46.7,2022_8_BUF_KC,19.252000000000002
2022,8,2022-10-20,p_rb_kc,Isiah Demo,RB,KC,KC,BUF,outdoors,51.58870881034174,0.0,0.0,0,0,104.6,0,1,19.4,0,1,8,8,0,,,4.9,42.8,2022_8_BUF_KC,12.9
2022,8,2022-10-20,p_wr_kc,Rashee Demo,WR,KC,KC,BUF,outdoors,46.9252569570763,9.239737804259374,0.0,0,0,1.3,0,6,49.0,0,8,0,0,0,Questionable,ankle,0.7,39.8,2022_8_BUF_KC,8.030000000000001
2022,8,2022-10-20,p_te_kc,Travis Demo,TE,KC,KC,BUF,outdoors,48.013477527128835,19.873032750132158,0.0,0,0,0.0,0,0,50.1,0,2,0,0,0,,,0.6,34.4,2022_8_BUF_KC,5.010000000000001
2022,8,2022-10-20,p_qb_buf,Josh Demo,QB,BUF,KC,BUF,outdoors,83.54361193411252,5.732808508157036,265.6,0,2,27.8,0,0,0.0,0,0,0,0,0,Questionable,shoulder,-2.1,49.0,2022_8_BUF_KC,9.404
2022,8,2022-10-20,p_rb_buf,James Demo,RB,BUF,KC,BUF,outdoors,70.70972929110638,1.011569184407982,0.0,0,0,46.8,0,5,27.0,0,7,11,11,0,,,0.2,45.5,2022_8_BUF_KC,9.879999999999999
2022,8,2022-10-20,p_wr_buf,Stefon Demo,WR,BUF,KC,BUF,outdoors,51.78437335442329,0.7901063217999358,0.0,0,0,0.0,0,6,23.9,1,7,1,1,0,,,-1.6,53.4,2022_8_BUF_KC,11.39
2022,8,2022-10-20,p_qb_sf,Brock Demo,QB,SF,SF,PHI,outdoors,35.32295251334183,11.356140058068494,203.5,0,1,32.9,0,0,0.0,0,0,0,1,0,,,-2.3,51.5,2022_8_PHI_SF,9.43
2022,8,2022-10-20,p_rb_sf,CMC Demo,RB,SF,SF,PHI,outdoors,80.64915931018106,19.338221019496274,0.0,0,0,33.9,1,0,9.4,0,1,8,8,0,,,-4.9,50.2,2022_8_PHI_SF,10.33
2022,8,2022-10-20,p_wr_sf,Deebo Demo,WR,SF,SF,PHI,outdoors,97.14353455144588,5.743077745178024,0.0,0,0,2.4,0,2,116.2,0,2,1,1,0,,,0.8,40.4,2022_8_PHI_SF,12.860000000000001
2022,8,2022-10-20,p_qb_no,Derek Demo,QB,NO,NO,MIN,dome,,,298.6,3,0,37.2,0,0,0.0,0,0,0,3,0,,,-6.6,46.0,2022_8_MIN_NO,27.664
2022,8,2022-10-20,p_wr_no,Chris Demo,WR,NO,NO,MIN,dome,,,0.0,0,0,0.5,0,1,55.2,0,4,1,1,0,Doubtful,,-1.8,45.8,2022_8_MIN_NO,6.07
2022,8,2022-10-20,p_qb_min,Kirk Demo,QB,MIN,NO,MIN,dome,,,231.7,2,1,15.8,0,0,0.0,0,0,0,0,0,,,1.1,46.0,2022_8_MIN_NO,16.848
2022,8,2022-10-20,p_rb_min,Aaron Demo,RB,MIN,NO,MIN,dome,,,0.0,0,0,53.8,0,4,34.7,0,6,17,17,0,,,2.6,41.6,2022_8_MIN_NO,10.850000000000001
2022,8,2022-10-20,p_qb_det,Jared Demo,QB,DET,BAL,DET,outdoors,67.90794561942168,15.794081238995428,197.4,2,0,23.3,0,0,0.0,0,0,0,3,0,,,-1.0,53.4,2022_8_DET_BAL,18.226
2022,8,2022-10-20,p_wr_det,Amon Demo,WR,DET,BAL,DET,outdoors,46.19018855854332,8.054927567637629,0.0,0,0,6.4,0,2,25.7,1,5,0,0,0,,,-1.5,49.3,2022_8_DET_BAL,10.21
2022,8,2022-10-20,p_qb_phi,Jalen Demo,QB,PHI,SF,PHI,outdoors,58.46923034115047,6.50331046124139,290.3,0,1,35.9,0,0,0.0,0,0,0,0,0,,,-4.3,53.1,2022_8_PHI_SF,13.202
2022,8,2022-10-20,p_rb_phi,Saquon Demo,RB,PHI,SF,PHI,outdoors,59.348282138776014,8.786164217180968,0.0,0,0,62.7,0,2,29.7,0,4,11,11,0,,,-4.8,40.7,2022_8_PHI_SF,10.24
2022,8,2022-10-20,p_wr_dal,CeeDee Demo,WR,DAL,DAL,MIA,dome,,,0.0,0,0,5.6,0,8,107.8,1,10,0,0,0,,,-1.8,46.5,2022_8_MIA_DAL,21.34
2022,8,2022-10-20,p_te_phi,Dallas Demo,TE,PHI,SF,PHI,outdoors,59.00104251964962,2.6822013528264126,0.0,0,0,0.0,0,4,6.0,0,4,0,0,1,,,-4.5,35.2,2022_8_PHI_SF,0.6000000000000001
2022,9,2022-10-27,p_qb_kc,Patrick Demo,QB,KC,CHI,KC,outdoors,46.27609098577592,0.24490293825972653,277.2,0,2,27.1,1,0,0.0,0,0,0,4,0,Doubtful,,0.1,46.7,2022_9_KC_CHI,15.798
2022,9,2022-10-27,p_rb_kc,Isiah Demo,RB,KC,CHI,KC,outdoors,61.53187503936127,4.097832726777744,0.0,0,0,87.8,1,0,48.8,0,1,19,19,0,,,-5.9,40.5,2022_9_KC_CHI,19.66
2022,9,2022-10-27,p_wr_kc,Rashee Demo,WR,KC,CHI,KC,outdoors,26.177432041770427,13.644955504810087,0.0,0,0,1.7,0,2,47.5,0,3,0,0,0,,,-6.9,44.0,2022_9_KC_CHI,5.92
2022,9,2022-10-27,p_te_kc,Travis Demo,TE,KC,CHI,KC,outdoors,74.40264952689056,1.249504409367895,0.0,0,0,0.0,0,7,44.2,0,8,0,0,0,,,-3.2,39.6,2022_9_KC_CHI,7.920000000000001
2022,9,2022-10-27,p_qb_buf,Josh Demo,QB,BUF,BUF,SF,outdoors,36.58126673962235,0.0,227.2,0,1,0.0,0,0,0.0,0,0,0,3,0,,,-7.1,42.7,2022_9_SF_BUF,7.087999999999999
2022,9,2022-10-27,p_rb_buf,James Demo,RB,BUF,BUF,SF,outdoors,39.63206630630491,12.540314217589927,0.0,0,0,27.9,0,1,28.3,0,1,12,12,0,,,1.9,47.2,2022_9_SF_BUF,6.12
2022,9,2022-10-27,p_wr_buf,Stefon Demo,WR,BUF,BUF,SF,outdoors,48.54312499807063,11.982720152599985,0.0,0,0,0.8,0,4,68.1,0,4,0,0,0,,,-7.6,47.1,2022_9_SF_BUF,8.89
2022,9,2022-10-27,p_qb_sf,Brock Demo,QB,SF,BUF,SF,outdoors,62.330027867009605,8.853125392698963,216.4,1,1,19.0,0,0,0.0,0,0,0,1,1,,,1.6,48.7,2022_9_SF_BUF,10.556000000000001
2022,9,2022-10-27,p_rb_sf,CMC Demo,RB,SF,BUF,SF,outdoors,69.47755739092999,8.439338185403638,0.0,0,0,83.7,0,2,14.4,0,3,11,11,0,,,1.7,47.3,2022_9_SF_BUF,10.81
2022,9,2022-10-27,p_wr_sf,Deebo Demo,WR,SF,BUF,SF,outdoors,71.84017381845608,7.529027123245833,0.0,0,0,0.0,0,7,83.8,0,7,1,1,0,,,-0.0,54.0,2022_9_SF_BUF,11.88
2022,9,2022-10-27,p_qb_no,Derek Demo,QB,NO,GB,NO,outdoors,54.57875387343952,4.698499419890055,284.9,3,1,0.0,0,0,0.0,0,0,0,0,0,,,-1.9,52.5,2022_9_NO_GB,21.396
2022,9,2022-10-27,p_wr_no,Chris Demo,WR,NO,GB,NO,outdoors,64.89226321377843,6.015430793811042,0.0,0,0,2.6,0,6,51.1,1,8,1,1,0,,,3.7,49.3,2022_9_NO_GB,14.370000000000001
2022,9,2022-10-27,p_qb_min,Kirk Demo,QB,MIN,MIN,LAR,dome,,,204.2,2,0,17.0,0,0,0.0,0,0,0,4,0,,,4.6,60.3,2022_9_LAR_MIN,17.868
2022,9,2022-10-27,p_rb_min,Aaron Demo,RB,MIN,MIN,LAR,dome,,,0.0,0,0,71.9,0,2,0.0,0,3,6,6,0,,,1.1,47.9,2022_9_LAR_MIN,8.190000000000001
2022,9,2022-10-27,p_qb_det,Jared Demo,QB,DET,DET,SEA,dome,,,239.6,1,1,8.2,0,0,0.0,0,0,0,0,0,,,0.2,39.6,2022_9_SEA_DET,12.404
2022,9,2022-10-27,p_wr_det,Amon Demo,WR,DET,DET,SEA,dome,,,0.0,0,0,2.3,0,0,37.5,1,2,1,1,0,,,0.6,51.1,2022_9_SEA_DET,9.98
2022,9,2022-10-27,p_qb_phi,Jalen Demo,QB,PHI,PHI,DAL,outdoors,53.57071319479098,5.660118433378538,212.2,4,2,0.0,1,0,0.0,0,0,0,6,1,,,-6.9,42.4,2022_9_DAL_PHI,24.488
2022,9,2022-10-27,p_rb_phi,Saquon Demo,RB,PHI,PHI,DAL,outdoors,50.80484753300661,5.439692903404365,0.0,0,0,119.0,0,1,29.2,0,1,16,16,0,,,0.8,48.4,2022_9_DAL_PHI,15.32
2022,9,2022-10-27,p_wr_dal,CeeDee Demo,WR,DAL,PHI,DAL,outdoors,55.94047454855071,8.537670900268171,0.0,0,0,3.1,0,6,81.7,0,6,0,0,0,,,-0.1,47.0,2022_9_DAL_PHI,11.48
2022,9,2022-10-27,p_te_phi,Dallas Demo,TE,PHI,PHI,DAL,outdoors,47.143408321881466,10.111445095626799,0.0,0,0,0.0,0,6,47.5,0,6,0,0,0,Doubtful,shoulder,-3.2,44.2,2022_9_DAL_PHI,7.75
2022,10,2022-11-03,p_qb_kc,Patrick Demo,QB,KC,KC,BUF,outdoors,67.69456093461595,9.595474170117871,325.5,2,1,1.1,0,0,0.0,0,0,0,4,0,,,0.5,45.7,2022_10_BUF_KC,19.13
2022,10,2022-11-03,p_rb_kc,Isiah Demo,RB,KC,KC,BUF,outdoors,42.2988386067397,2.622138569284923,0.0,0,0,77.9,1,3,8.8,0,4,11,11,0,,,5.2,49.2,2022_10_BUF_KC,16.17
2022,10,2022-11-03,p_wr_kc,Rashee Demo,WR,KC,KC,BUF,outdoors,73.70817131713676,22.063246241193617,0.0,0,0,0.0,0,3,46.5,0,4,1,1,0,,,-4.9,47.7,2022_10_BUF_KC,6.15
2022,10,2022-11-03,p_te_kc,Travis Demo,TE,KC,KC,BUF,outdoors,62.21542997145483,10.538642258191263,0.0,0,0,0.0,0,5,35.7,0,6,0,0,0,,,-7.4,41.0,2022_10_BUF_KC,6.07
2022,10,2022-11-03,p_qb_buf,Josh Demo,QB,BUF,KC,BUF,outdoors,55.26001943726961,7.390973879733332,221.9,1,0,0.0,0,0,0.0,0,0,0,3,0,,,-7.4,45.1,2022_10_BUF_KC,12.876000000000001
2022,10,2022-11-03,p_rb_buf,James Demo,RB,BUF,KC,BUF,outdoors,51.772762513433065,3.9330479382666184,0.0,0,0,51.1,0,3,37.1,0,3,11,11,0,,,2.4,43.8,2022_10_BUF_KC,10.32
2022,10,2022-11-03,p_wr_buf,Stefon Demo,WR,BUF,KC,BUF,outdoors,69.6937801173396,14.458432328293366,0.0,0,0,10.9,0,3,65.4,0,5,0,0,0,,,-5.9,46.5,2022_10_BUF_KC,9.13
2022,10,2022-11-03,p_qb_sf,Brock Demo,QB,SF,SF,PHI,outdoors,56.289902211214375,4.029782291505733,184.0,0,1,58.7,0,0,0.0,0,0,0,3,0,,,-5.1,53.9,2022_10_PHI_SF,11.23
2022,10,2022-11-03,p_rb_sf,CMC Demo,RB,SF,SF,PHI,outdoors,39.34083892797037,7.8045053939172355,0.0,0,0,66.8,1,2,49.6,0,3,7,7,0,,,2.0,42.9,2022_10_PHI_SF,18.64
2022,10,2022-11-03,p_wr_sf,Deebo Demo,WR,SF,SF,PHI,outdoors,43.83064965342155,7.726477815753643,0.0,0,0,7.8,0,2,62.5,0,2,0,0,0,,,-4.7,47.7,2022_10_PHI_SF,8.03
2022,10,2022-11-03,p_qb_no,Derek Demo,QB,NO,NO,MIN,dome,,,315.1,2,0,11.1,0,0,0.0,0,0,0,4,0,,,-0.9,36.8,2022_10_MIN_NO,21.714
2022,10,2022-11-03,p_wr_no,Chris Demo,WR,NO,NO,MIN,dome,,,0.0,0,0,0.0,0,0,0.0,0,0,0,0,0,Out,ankle,7.5,43.3,2022_10_MIN_NO,0.0
2022,10,2022-11-03,p_qb_min,Kirk Demo,QB,MIN,NO,MIN,dome,,,324.1,2,0,22.3,0,0,0.0,0,0,0,7,0,,,-6.3,48.2,2022_10_MIN_NO,23.194
2022,10,2022-11-03,p_rb_min,Aaron Demo,RB,MIN,NO,MIN,dome,,,0.0,0,0,112.1,1,5,43.6,0,5,10,10,0,,,-1.2,43.5,2022_10_MIN_NO,24.07
2022,10,2022-11-03,p_qb_det,Jared Demo,QB,DET,BAL,DET,outdoors,13.559867414893851,5.826502631384329,272.2,2,1,31.5,1,0,0.0,0,0,0,5,0,Questionable,,1.5,44.6,2022_10_DET_BAL,26.037999999999997
2022,10,2022-11-03,p_wr_det,Amon Demo,WR,DET,BAL,DET,outdoors,88.51579369296523,6.64801528952279,0.0,0,0,4.1,0,7,99.2,0,9,1,1,0,,,-8.9,53.3,2022_10_DET_BAL,13.830000000000002
2022,10,2022-11-03,p_qb_phi,Jalen Demo,QB,PHI,SF,PHI,outdoors,69.99511029807984,3.4894443090947442,156.8,0,0,5.2,0,0,0.0,0,0,0,8,0,,,4.2,50.2,2022_10_PHI_SF,6.792
2022,10,2022-11-03,p_rb_phi,Saquon Demo,RB,PHI,SF,PHI,outdoors,52.14892490648883,0.0,0.0,0,0,63.4,0,1,21.5,0,2,21,21,0,,,2.6,49.1,2022_10_PHI_SF,8.99
2022,10,2022-11-03,p_wr_dal,CeeDee Demo,WR,DAL,DAL,MIA,dome,,,0.0,0,0,3.0,0,2,0.0,0,4,0,0,0,,,6.3,53.8,2022_10_MIA_DAL,1.3
2022,10,2022-11-03,p_te_phi,Dallas Demo,TE,PHI,SF,PHI,outdoors,49.71602447575346,10.401671479406897,0.0,0,0,0.0,0,9,82.0,0,11,0,0,0,,,3.2,40.5,2022_10_PHI_SF,12.700000000000001
2023,1,2023-09-01,p_qb_kc,Patrick Demo,QB,KC,CHI,KC,outdoors,53.27833076497116,15.96456044561404,228.7,1,1,13.3,0,0,0.0,0,0,0,4,0,,,-2.1,49.4,2023_1_KC_CHI,12.478
2023,1,2023-09-01,p_rb_kc,Isiah Demo,RB,KC,CHI,KC,outdoors,30.86789936095042,11.34277671628368,0.0,0,0,109.3,0,0,39.1,0,1,15,15,0,,,-4.6,43.8,2023_1_KC_CHI,14.84
2023,1,2023-09-01,p_wr_kc,Rashee Demo,WR,KC,CHI,KC,outdoors,45.336876244203275,10.943516391075754,0.0,0,0,0.0,0,6,73.4,0,9,1,1,0,,,-3.5,37.8,2023_1_KC_CHI,10.34
2023,1,2023-09-01,p_te_kc,Travis Demo,TE,KC,CHI,KC,outdoors,49.68118679122963,0.0,0.0,0,0,0.0,0,2,22.5,0,2,0,0,0,,,4.4,52.8,2023_1_KC_CHI,3.25
2023,1,2023-09-01,p_qb_buf,Josh Demo,QB,BUF,BUF,SF,outdoors,45.51871265786634,11.081176982766564,110.4,2,0,17.0,0,0,0.0,0,0,0,7,0,Doubtful,ankle,-0.1,55.1,2023_1_SF_BUF,14.116
2023,1,2023-09-01,p_rb_buf,James Demo,RB,BUF,BUF,SF,outdoors,70.41371605830733,2.9084223381937084,0.0,0,0,73.6,0,1,5.3,0,1,13,13,0,Questionable,,2.3,41.1,2023_1_SF_BUF,8.389999999999999
2023,1,2023-09-01,p_wr_buf,Stefon Demo,WR,BUF,BUF,SF,outdoors,67.2901464558962,21.01813149375205,0.0,0,0,0.1,0,4,88.1,0,6,0,0,0,,,2.2,41.9,2023_1_SF_BUF,10.82
2023,1,2023-09-01,p_qb_sf,Brock Demo,QB,SF,BUF,SF,outdoors,56.34389151052652,12.97969342411129,213.7,0,0,0.0,0,0,0.0,0,0,0,2,0,,,-2.8,42.1,2023_1_SF_BUF,8.548
2023,1,2023-09-01,p_rb_sf,CMC Demo,RB,SF,BUF,SF,outdoors,74.83756497284683,11.309737947152584,0.0,0,0,70.6,0,2,31.6,0,4,14,14,1,,,0.8,49.8,2023_1_SF_BUF,9.219999999999999
2023,1,2023-09-01,p_wr_sf,Deebo Demo,WR,SF,BUF,SF,outdoors,82.24790494210158,3.593807762819748,0.0,0,0,3.1,0,4,62.0,0,7,0,0,0,,,5.5,46.0,2023_1_SF_BUF,8.51
2023,1,2023-09-01,p_qb_no,Derek Demo,QB,NO,GB,NO,outdoors,44.47349580599826,11.829777263631165,204.3,2,1,39.6,1,0,0.0,0,0,0,3,0,,,1.9,52.1,2023_1_NO_GB,24.132
2023,1,2023-09-01,p_wr_no,Chris Demo,WR,NO,GB,NO,outdoors,77.82550679105438,9.793980419531271,0.0,0,0,0.0,0,0,0.0,0,0,0,0,0,Out,shoulder,0.5,43.1,2023_1_NO_GB,0.0
2023,1,2023-09-01,p_qb_min,Kirk Demo,QB,MIN,MIN,LAR,dome,,,336.2,4,1,0.0,1,0,0.0,0,0,0,4,0,,,-1.5,51.4,2023_1_LAR_MIN,33.448
2023,1,2023-09-01,p_rb_min,Aaron Demo,RB,MIN,MIN,LAR,dome,,,0.0,0,0,110.2,0,3,27.9,0,5,9,9,0,Questionable,,-6.5,49.1,2023_1_LAR_MIN,15.310000000000002
2023,1,2023-09-01,p_qb_det,Jared Demo,QB,DET,DET,SEA,dome,,,278.8,2,1,8.8,0,0,0.0,0,0,0,0,0,,,-6.7,45.5,2023_1_SEA_DET,18.032
2023,1,2023-09-01,p_wr_det,Amon Demo,WR,DET,DET,SEA,dome,,,0.0,0,0,0.0,0,5,53.6,0,6,0,0,0,Questionable,hamstring,1.4,46.2,2023_1_SEA_DET,7.86
2023,1,2023-09-01,p_qb_phi,Jalen Demo,QB,PHI,PHI,DAL,outdoors,80.23575378010148,13.667843514378124,193.5,2,0,60.5,1,0,0.0,0,0,0,5,0,Questionable,knee,-0.3,47.9,2023_1_DAL_PHI,27.79
2023,1,2023-09-01,p_rb_phi,Saquon Demo,RB,PHI,PHI,DAL,outdoors,40.54337219148417,14.331522785846829,0.0,0,0,118.0,1,4,23.3,0,4,18,18,0,Questionable,knee,5.6,47.5,2023_1_DAL_PHI,22.130000000000003
2023,1,2023-09-01,p_wr_dal,CeeDee Demo,WR,DAL,PHI,DAL,outdoors,42.5010611269413,18.79329505352417,0.0,0,0,4.3,0,6,16.8,0,9,1,1,0,,,-7.7,51.2,2023_1_DAL_PHI,5.11
2023,1,2023-09-01,p_te_phi,Dallas Demo,TE,PHI,PHI,DAL,outdoors,76.16975478815068,7.560821606981501,0.0,0,0,0.0,0,4,74.5,0,5,0,0,0,Questionable,knee,3.3,39.3,2023_1_DAL_PHI,9.45
2023,2,2023-09-08,p_qb_kc,Patrick Demo,QB,KC,KC,BUF,outdoors,67.35581390565689,4.985108437164982,226.5,2,0,0.0,0,0,0.0,0,0,0,1,0,,,6.1,47.1,2023_2_BUF_KC,17.060000000000002
2023,2,2023-09-08,p_rb_kc,Isiah Demo,RB,KC,KC,BUF,outdoors,52.6730030322911,14.765367887710296,0.0,0,0,0.0,0,0,0.0,0,0,0,0,0,Out,ankle,4.8,44.4,2023_2_BUF_KC,0.0
2023,2,2023-09-08,p_wr_kc,Rashee Demo,WR,KC,KC,BUF,outdoors,64.96438453083454,5.074057755364942,0.0,0,0,4.9,0,4,35.9,0,4,0,0,0,Questionable,ankle,-2.1,47.5,2023_2_BUF_KC,6.08
2023,2,2023-09-08,p_te_kc,Travis Demo,TE,KC,KC,BUF,outdoors,39.139198830050816,0.0,0.0,0,0,0.0,0,0,0.0,0,0,0,0,0,Out,hamstring,-3.8,45.1,2023_2_BUF_KC,0.0
2023,2,2023-09-08,p_qb_buf,Josh Demo,QB,BUF,KC,BUF,outdoors,39.87536670588607,4.499579851770555,229.2,2,0,9.6,1,0,0.0,0,0,0,1,0,,,5.7,43.7,2023_2_BUF_KC,24.128
2023,2,2023-09-08,p_rb_buf,James Demo,RB,BUF,KC,BUF,outdoors,51.40574266848029,9.827436725192523,0.0,0,0,124.8,0,0,34.1,0,0,12,12,0,,,-2.8,38.6,2023_2_BUF_KC,15.89
2023,2,2023-09-08,p_wr_buf,Stefon Demo,WR,BUF,KC,BUF,outdoors,28.652849188805288,6.801144935532041,0.0,0,0,8.4,0,1,26.6,1,3,1,1,0,,,5.6,50.8,2023_2_BUF_KC,10.0
2023,2,2023-09-08,p_qb_sf,Brock Demo,QB,SF,SF,PHI,outdoors,57.184454715158274,9.966148884924136,198.3,0,0,31.7,0,0,0.0,0,0,0,3,0,,,1.6,31.7,2023_2_PHI_SF,11.102
2023,2,2023-09-08,p_rb_sf,CMC Demo,RB,SF,SF,PHI,outdoors,53.29969003240289,7.746859434715045,0.0,0,0,94.7,0,0,22.2,0,0,14,14,0,,,-4.3,46.9,2023_2_PHI_SF,11.690000000000001
2023,2,2023-09-08,p_wr_sf,Deebo Demo,WR,SF,SF,PHI,outdoors,28.98082754594207,8.898233403900267,0.0,0,0,0.0,0,4,37.9,0,5,1,1,0,,,-4.7,39.5,2023_2_PHI_SF,5.79
2023,2,2023-09-08,p_qb_no,Derek Demo,QB,NO,NO,MIN,dome,,,222.3,2,2,0.0,0,0,0.0,0,0,0,1,0,,,4.1,51.8,2023_2_MIN_NO,12.892000000000003
2023,2,2023-09-08,p_wr_no,Chris Demo,WR,NO,NO,MIN,dome,,,0.0,0,0,0.0,0,4,87.5,1,7,0,0,0,,,0.5,51.4,2023_2_MIN_NO,16.75
2023,2,2023-09-08,p_qb_min,Kirk Demo,QB,MIN,NO,MIN,dome,,,288.3,1,0,1.1,0,0,0.0,0,0,0,1,0,,,-2.2,42.5,2023_2_MIN_NO,15.642
2023,2,2023-09-08,p_rb_min,Aaron Demo,RB,MIN,NO,MIN,dome,,,0.0,0,0,131.3,0,4,44.4,0,4,12,12,1,,,-1.7,59.2,2023_2_MIN_NO,17.570000000000004
2023,2,2023-09-08,p_qb_det,Jared Demo,QB,DET,BAL,DET,outdoors,48.04299337972848,10.327483870831399,189.3,1,1,22.7,0,0,0.0,0,0,0,3,0,,,-2.3,43.8,2023_2_DET_BAL,11.842
2023,2,2023-09-08,p_wr_det,Amon Demo,WR,DET,BAL,DET,outdoors,53.37195050972265,4.071018653086134,0.0,0,0,0.0,0,7,85.3,0,9,1,1,0,,,-2.6,44.7,2023_2_DET_BAL,12.03
2023,2,2023-09-08,p_qb_phi,Jalen Demo,QB,PHI,SF,PHI,outdoors,68.11416518378597,3.090450770245984,198.7,0,1,20.6,0,0,0.0,0,0,0,1,0,,,-1.5,43.9,2023_2_PHI_SF,8.008
2023,2,2023-09-08,p_rb_phi,Saquon Demo,RB,PHI,SF,PHI,outdoors,55.10810590564555,5.323722166847109,0.0,0,0,18.8,0,4,41.9,0,5,17,17,0,,,0.0,45.4,2023_2_PHI_SF,8.07
2023,2,2023-09-08,p_wr_dal,CeeDee Demo,WR,DAL,DAL,MIA,dome,,,0.0,0,0,11.6,0,1,139.8,1,1,0,0,0,,,-4.0,48.5,2023_2_MIA_DAL,21.64
2023,2,2023-09-08,p_te_phi,Dallas Demo,TE,PHI,SF,PHI,outdoors,63.31495006948586,9.153361511903128,0.0,0,0,0.0,0,6,46.9,0,8,0,0,0,Doubtful,hamstring,2.9,42.7,2023_2_PHI_SF,7.69
2023,3,2023-09-15,p_qb_kc,Patrick Demo,QB,KC,CHI,KC,outdoors,46.48416785120948,4.895893071597056,0.0,0,0,0.0,0,0,0.0,0,0,0,0,0,Out,,-0.2,46.6,2023_3_KC_CHI,0.0
2023,3,2023-09-15,p_rb_kc,Isiah Demo,RB,KC,CHI,KC,outdoors,41.65314510554204,0.6568028484235402,0.0,0,0,92.2,0,9,3.3,0,10,21,21,0,Questionable,ankle,2.3,36.8,2023_3_KC_CHI,14.05
2023,3,2023-09-15,p_wr_kc,Rashee Demo,WR,KC,CHI,KC,outdoors,38.89576406293649,0.0,0.0,0,0,2.6,0,0,25.3,0,3,0,0,0,,,1.2,50.5,2023_3_KC_CHI,2.79
2023,3,2023-09-15,p_te_kc,Travis Demo,TE,KC,CHI,KC,outdoors,72.1121918404207,7.990407999954729,0.0,0,0,0.0,0,4,57.8,1,5,0,0,1,,,-3.3,48.1,2023_3_KC_CHI,11.780000000000001
2023,3,2023-09-15,p_qb_buf,Josh Demo,QB,BUF,BUF,SF,outdoors,45.05239374044853,4.688775903377037,177.4,1,1,3.8,0,0,0.0,0,0,0,5,0,,,-1.6,46.2,2023_3_SF_BUF,9.476
2023,3,2023-09-15,p_rb_buf,James Demo,RB,BUF,BUF,SF,outdoors,55.300559362994676,2.0044143692738485,0.0,0,0,89.0,0,6,25.0,0,8,15,15,0,,,6.3,55.2,2023_3_SF_BUF,14.4
2023,3,2023-09-15,p_wr_buf,Stefon Demo,WR,BUF,BUF,SF,outdoors,68.68228593965168,4.390027301316442,0.0,0,0,3.1,0,2,45.7,0,2,0,0,0,,,1.1,39.2,2023_3_SF_BUF,5.880000000000001
2023,3,2023-09-15,p_qb_sf,Brock Demo,QB,SF,BUF,SF,outdoors,43.80825275585911,12.348378783472455,320.7,2,1,7.0,0,0,0.0,0,0,0,6,0,,,0.1,44.5,2023_3_SF_BUF,19.528
2023,3,2023-09-15,p_rb_sf,CMC Demo,RB,SF,BUF,SF,outdoors,58.40744197581199,16.00023640659804,0.0,0,0,84.8,0,5,1.6,0,6,12,12,0,,,-8.5,40.9,2023_3_SF_BUF,11.14
2023,3,2023-09-15,p_wr_sf,Deebo Demo,WR,SF,BUF,SF,outdoors,56.706993480104444,8.92183353587832,0.0,0,0,11.8,0,2,64.2,0,2,0,0,0,,,-6.4,53.0,2023_3_SF_BUF,8.600000000000001
2023,3,2023-09-15,p_qb_no,Derek Demo,QB,NO,GB,NO,outdoors,85.47100247167754,7.837628380412725,311.7,3,0,0.0,0,0,0.0,0,0,0,1,0,,,-0.4,53.7,2023_3_NO_GB,24.468
2023,3,2023-09-15,p_wr_no,Chris Demo,WR,NO,GB,NO,outdoors,58.88931462302362,1.3931796417736537,0.0,0,0,0.0,0,5,112.6,0,5,0,0,0,,,6.5,45.7,2023_3_NO_GB,13.76
2023,3,2023-09-15,p_qb_min,Kirk Demo,QB,MIN,MIN,LAR,dome,,,220.9,1,1,8.3,0,0,0.0,0,0,0,4,0,,,-6.2,44.7,2023_3_LAR_MIN,11.666
2023,3,2023-09-15,p_rb_min,Aaron Demo,RB,MIN,MIN,LAR,dome,,,0.0,0,0,0.9,0,2,39.8,0,3,12,12,0,,,0.5,50.9,2023_3_LAR_MIN,5.07
2023,3,2023-09-15,p_qb_det,Jared Demo,QB,DET,DET,SEA,dome,,,212.1,6,0,0.0,0,0,0.0,0,0,0,3,0,Doubtful,ankle,-3.4,47.4,2023_3_SEA_DET,32.484
2023,3,2023-09-15,p_wr_det,Amon Demo,WR,DET,DET,SEA,dome,,,0.0,0,0,4.9,0,2,75.7,1,2,0,0,0,,,-0.4,41.8,2023_3_SEA_DET,15.06
2023,3,2023-09-15,p_qb_phi,Jalen Demo,QB,PHI,PHI,DAL,outdoors,73.89558779320609,7.404857466999374,196.6,1,0,24.7,0,0,0.0,0,0,0,4,0,,,4.0,41.3,2023_3_DAL_PHI,14.334000000000001
2023,3,2023-09-15,p_rb_phi,Saquon Demo,RB,PHI,PHI,DAL,outdoors,53.863427853102635,5.7441232138029275,0.0,0,0,30.2,0,2,11.6,1,4,19,19,0,,,9.9,46.9,2023_3_DAL_PHI,11.18
2023,3,2023-09-15,p_wr_dal,CeeDee Demo,WR,DAL,PHI,DAL,outdoors,55.06199323982299,9.2824598922177,0.0,0,0,4.2,0,9,39.6,0,10,1,1,0,,,3.1,52.3,2023_3_DAL_PHI,8.88
2023,3,2023-09-15,p_te_phi,Dallas Demo,TE,PHI,PHI,DAL,outdoors,54.86599198162044,0.0,0.0,0,0,0.0,0,1,71.2,1,2,0,0,0,,,-2.1,43.6,2023_3_DAL_PHI,13.620000000000001
2023,4,2023-09-22,p_qb_kc,Patrick Demo,QB,KC,KC,BUF,outdoors,37.5739996159848,3.4731739365908387,259.2,3,0,51.5,0,0,0.0,0,0,0,5,0,,,8.1,49.0,2023_4_BUF_KC,27.518
2023,4,2023-09-22,p_rb_kc,Isiah Demo,RB,KC,KC,BUF,outdoors,47.1664228068624,11.905906026118709,0.0,0,0,106.8,1,3,40.2,0,3,7,7,0,,,0.9,52.1,2023_4_BUF_KC,22.2
2023,4,2023-09-22,p_wr_kc,Rashee Demo,WR,KC,KC,BUF,outdoors,66.69294131157176,9.436453805181818,0.0,0,0,5.7,0,3,60.4,0,4,1,1,0,,,0.7,49.4,2023_4_BUF_KC,8.11
2023,4,2023-09-22,p_te_kc,Travis Demo,TE,KC,KC,BUF,outdoors,58.63966406985793,10.783083328387772,0.0,0,0,0.0,0,3,55.3,0,5,0,0,0,Questionable,shoulder,-2.7,46.3,2023_4_BUF_KC,7.03
2023,4,2023-09-22,p_qb_buf,Josh Demo,QB,BUF,KC,BUF,outdoors,47.10239955225828,2.375353224489227,325.9,3,1,10.4,0,0,0.0,0,0,0,2,0,,,3.3,45.4,2023_4_BUF_KC,24.076
2023,4,2023-09-22,p_rb_buf,James Demo,RB,BUF,KC,BUF,outdoors,58.58723926950191,9.352426930550996,0.0,0,0,38.2,1,2,12.8,0,2,12,12,0,,,-2.8,45.7,2023_4_BUF_KC,12.100000000000001
2023,4,2023-09-22,p_wr_buf,Stefon Demo,WR,BUF,KC,BUF,outdoors,63.321947825879704,11.383072758882626,0.0,0,0,0.0,0,5,38.7,0,5,1,1,0,,,4.3,49.4,2023_4_BUF_KC,6.370000000000001
2023,4,2023-09-22,p_qb_sf,Brock Demo,QB,SF,SF,PHI,outdoors,55.58969599036445,11.884038494325733,144.3,1,0,22.6,0,0,0.0,0,0,0,0,0,,,2.3,49.5,2023_4_PHI_SF,12.032
2023,4,2023-09-22,p_rb_sf,CMC Demo,RB,SF,SF,PHI,outdoors,40.28350948797678,4.383821570295804,0.0,0,0,57.5,1,0,8.6,0,0,8,8,0,,,4.2,39.5,2023_4_PHI_SF,12.61
2023,4,2023-09-22,p_wr_sf,Deebo Demo,WR,SF,SF,PHI,outdoors,70.37135100626159,5.908658048180953,0.0,0,0,0.0,0,7,55.8,0,10,0,0,0,,,1.9,47.6,2023_4_PHI_SF,9.08
2023,4,2023-09-22,p_qb_no,Derek Demo,QB,NO,NO,MIN,dome,,,217.1,2,0,35.3,0,0,0.0,0,0,0,0,0,,,8.9,51.0,2023_4_MIN_NO,20.214
2023,4,2023-09-22,p_wr_no,Chris Demo,WR,NO,NO,MIN,dome,,,0.0,0,0,2.4,0,1,9.7,1,1,1,1,0,,,-0.3,49.1,2023_4_MIN_NO,7.71
2023,4,2023-09-22,p_qb_min,Kirk Demo,QB,MIN,NO,MIN,dome,,,223.1,1,2,36.9,0,0,0.0,0,0,0,4,0,,,4.5,41.7,2023_4_MIN_NO,12.613999999999999
2023,4,2023-09-22,p_rb_min,Aaron Demo,RB,MIN,NO,MIN,dome,,,0.0,0,0,79.0,0,3,8.1,0,3,14,14,0,,,-0.2,39.0,2023_4_MIN_NO,10.21
2023,4,2023-09-22,p_qb_det,Jared Demo,QB,DET,BAL,DET,outdoors,49.44444085508339,9.710017287105106,211.2,1,1,0.0,0,0,0.0,0,0,0,6,0,,,1.6,32.3,2023_4_DET_BAL,10.448
2023,4,2023-09-22,p_wr_det,Amon Demo,WR,DET,BAL,DET,outdoors,50.30436571110692,3.907511987948075,0.0,0,0,7.4,0,4,59.7,1,7,1,1,0,,,3.8,35.5,2023_4_DET_BAL,14.71
2023,4,2023-09-22,p_qb_phi,Jalen Demo,QB,PHI,SF,PHI,outdoors,49.004199155653545,16.71810933645783,296.1,2,1,36.5,0,0,0.0,0,0,0,0,0,,,1.1,43.5,2023_4_PHI_SF,21.494
2023,4,2023-09-22,p_rb_phi,Saquon Demo,RB,PHI,SF,PHI,outdoors,46.25509174503899,11.10186196965679,0.0,0,0,85.5,0,2,28.0,0,2,24,24,0,Doubtful,,12.4,48.6,2023_4_PHI_SF,12.350000000000001
2023,4,2023-09-22,p_wr_dal,CeeDee Demo,WR,DAL,DAL,MIA,dome,,,0.0,0,0,5.5,0,2,51.7,0,3,1,1,0,,,0.6,51.4,2023_4_MIA_DAL,6.720000000000001
2023,4,2023-09-22,p_te_phi,Dallas Demo,TE,PHI,SF,PHI,outdoors,52.574184954381295,4.650024515608887,0.0,0,0,0.0,0,6,64.3,1,7,0,0,0,,,0.7,49.9,2023_4_PHI_SF,15.43
2023,5,2023-09-29,p_qb_kc,Patrick Demo,QB,KC,CHI,KC,outdoors,59.2585900176321,10.92623765679428,253.8,2,1,7.1,0,0,0.0,0,0,0,2,0,,,2.0,40.6,2023_5_KC_CHI,16.862000000000002
2023,5,2023-09-29,p_rb_kc,Isiah Demo,RB,KC,CHI,KC,outdoors,49.777453137449875,11.820572027508948,0.0,0,0,129.1,0,0,20.4,0,1,16,16,0,,,0.3,48.1,2023_5_KC_CHI,14.95
2023,5,2023-09-29,p_wr_kc,Rashee Demo,WR,KC,CHI,KC,outdoors,42.91422750080812,6.27421566378551,0.0,0,0,0.0,0,3,49.3,0,3,0,0,0,,,-9.0,47.1,2023_5_KC_CHI,6.43
2023,5,2023-09-29,p_te_kc,Travis Demo,TE,KC,CHI,KC,outdoors,62.28533438785773,1.5907437613566726,0.0,0,0,0.0,0,4,37.9,0,4,0,0,0,,,-1.0,38.3,2023_5_KC_CHI,5.79
2023,5,2023-09-29,p_qb_buf,Josh Demo,QB,BUF,BUF,SF,outdoors,46.24169591361672,7.958600580352065,213.5,4,1,1.6,1,0,0.0,0,0,0,3,0,,,-2.0,38.3,2023_5_SF_BUF,28.7
2023,5,2023-09-29,p_rb_buf,James Demo,RB,BUF,BUF,SF,outdoors,38.89446380923299,0.0,0.0,0,0,42.2,0,4,37.0,0,6,4,4,0,Questionable,hamstring,1.6,50.1,2023_5_SF_BUF,9.920000000000002
2023,5,2023-09-29,p_wr_buf,Stefon Demo,WR,BUF,BUF,SF,outdoors,70.77782290791279,0.4215403924326413,0.0,0,0,0.0,0,6,115.1,1,8,0,0,0,,,-0.2,35.0,2023_5_SF_BUF,20.509999999999998
2023,5,2023-09-29,p_qb_sf,Brock Demo,QB,SF,BUF,SF,outdoors,56.94114305343803,6.209686652144127,183.6,3,1,12.7,0,0,0.0,0,0,0,1,0,,,1.5,47.9,2023_5_SF_BUF,18.614
2023,5,2023-09-29,p_rb_sf,CMC Demo,RB,SF,BUF,SF,outdoors,83.15704712997464,11.962537058363033,0.0,0,0,13.8,0,2,27.1,0,4,10,10,0,,,-1.1,55.6,2023_5_SF_BUF,5.09
2023,5,2023-09-29,p_wr_sf,Deebo Demo,WR,SF,BUF,SF,outdoors,55.69769755322112,8.319888556844274,0.0,0,0,0.1,0,7,55.1,0,7,1,1,0,,,-0.2,38.1,2023_5_SF_BUF,9.02
2023,5,2023-09-29,p_qb_no,Derek Demo,QB,NO,GB,NO,outdoors,84.11300408772803,11.60612686399896,337.7,1,0,10.4,0,0,0.0,0,0,0,3,0,,,-5.3,39.1,2023_5_NO_GB,18.548
2023,5,2023-09-29,p_wr_no,Chris Demo,WR,NO,GB,NO,outdoors,85.95841803485003,14.812291220001065,0.0,0,0,0.0,0,7,93.1,0,8,0,0,0,,,2.2,39.5,2023_5_NO_GB,12.81
2023,5,2023-09-29,p_qb_min,Kirk Demo,QB,MIN,MIN,LAR,dome,,,121.7,2,1,34.5,0,0,0.0,0,0,0,4,0,,,2.9,47.3,2023_5_LAR_MIN,14.318000000000001
2023,5,2023-09-29,p_rb_min,Aaron Demo,RB,MIN,MIN,LAR,dome,,,0.0,0,0,61.7,1,1,19.4,0,2,21,21,0,,,4.0,51.4,2023_5_LAR_MIN,14.610000000000001
2023,5,2023-09-29,p_qb_det,Jared Demo,QB,DET,DET,SEA,dome,,,285.7,4,0,11.4,0,0,0.0,0,0,0,4,1,,,2.0,39.0,2023_5_SEA_DET,26.567999999999998
2023,5,2023-09-29,p_wr_det,Amon Demo,WR,DET,DET,SEA,dome,,,0.0,0,0,7.4,0,5,55.9,0,6,0,0,1,,,2.6,42.4,2023_5_SEA_DET,6.83
2023,5,2023-09-29,p_qb_phi,Jalen Demo,QB,PHI,PHI,DAL,outdoors,50.315977080900204,0.07198312699872211,194.8,1,0,0.0,0,0,0.0,0,0,0,6,0,,,5.2,47.8,2023_5_DAL_PHI,11.792000000000002
2023,5,2023-09-29,p_rb_phi,Saquon Demo,RB,PHI,PHI,DAL,outdoors,34.964192360431454,12.687614608748788,0.0,0,0,58.3,0,1,28.5,0,3,16,16,0,,,-2.6,54.0,2023_5_DAL_PHI,9.18
2023,5,2023-09-29,p_wr_dal,CeeDee Demo,WR,DAL,PHI,DAL,outdoors,43.58702882427735,10.842221527973065,0.0,0,0,0.0,0,2,96.0,1,5,0,0,0,,,-0.8,48.0,2023_5_DAL_PHI,16.6
2023,5,2023-09-29,p_te_phi,Dallas Demo,TE,PHI,PHI,DAL,outdoors,42.60485234756638,11.588628043750317,0.0,0,0,0.0,0,4,13.6,0,6,0,0,0,,,6.7,49.6,2023_5_DAL_PHI,3.3600000000000003
2023,6,2023-10-06,p_qb_kc,Patrick Demo,QB,KC,KC,BUF,outdoors,62.359103536838326,12.254304519295964,293.5,0,0,13.6,1,0,0.0,0,0,0,0,0,Questionable,hamstring,2.2,39.3,2023_6_BUF_KC,19.1
2023,6,2023-10-06,p_rb_kc,Isiah Demo,RB,KC,KC,BUF,outdoors,85.81817641931165,8.392250653889556,0.0,0,0,67.8,0,7,4.5,0,9,10,10,0,,,-0.2,52.7,2023_6_BUF_KC,10.73
2023,6,2023-10-06,p_wr_kc,Rashee Demo,WR,KC,KC,BUF,outdoors,61.722132169400595,6.117026384882573,0.0,0,0,14.5,0,4,47.9,0,4,0,0,0,,,9.7,39.1,2023_6_BUF_KC,8.24
2023,6,2023-10-06,p_te_kc,Travis Demo,TE,KC,KC,BUF,outdoors,56.05203277549191,12.030501084000681,0.0,0,0,0.0,0,0,81.7,0,0,0,0,1,,,-3.1,43.1,2023_6_BUF_KC,6.17
2023,6,2023-10-06,p_qb_buf,Josh Demo,QB,BUF,KC,BUF,outdoors,27.209082074645828,12.308792471016837,321.5,0,0,9.7,0,0,0.0,0,0,0,1,0,,,4.2,45.7,2023_6_BUF_KC,13.83
2023,6,2023-10-06,p_rb_buf,James Demo,RB,BUF,KC,BUF,outdoors,55.6946494719121,3.369609798247539,0.0,0,0,112.9,0,4,48.8,0,6,13,13,0,,,-5.2,44.7,2023_6_BUF_KC,18.17
2023,6,2023-10-06,p_wr_buf,Stefon Demo,WR,BUF,KC,BUF,outdoors,58.56007155690771,1.2696933607750616,0.0,0,0,0.0,0,8,62.3,0,8,1,1,0,,,5.7,44.0,2023_6_BUF_KC,10.23
2023,6,2023-10-06,p_qb_sf,Brock Demo,QB,SF,SF,PHI,outdoors,55.774775716709726,15.1476598728422,265.4,1,0,22.0,0,0,0.0,0,0,0,6,0,,,0.0,46.1,2023_6_PHI_SF,16.816
2023,6,2023-10-06,p_rb_sf,CMC Demo,RB,SF,SF,PHI,outdoors,48.55791031158248,9.573731527947938,0.0,0,0,64.1,0,3,3.0,0,4,16,16,0,Questionable,ankle,2.3,36.3,2023_6_PHI_SF,8.21
2023,6,2023-10-06,p_wr_sf,Deebo Demo,WR,SF,SF,PHI,outdoors,84.60282155220506,2.763956199614819,0.0,0,0,5.1,0,3,67.4,0,3,1,1,0,,,-1.8,40.7,2023_6_PHI_SF,8.75
2023,6,2023-10-06,p_qb_no,Derek Demo,QB,NO,NO,MIN,dome,,,177.2,3,2,40.7,0,0,0.0,0,0,0,1,0,,,-4.2,39.9,2023_6_MIN_NO,19.158
2023,6,2023-10-06,p_wr_no,Chris Demo,WR,NO,NO,MIN,dome,,,0.0,0,0,0.0,0,3,41.6,0,3,0,0,0,,,2.4,45.3,2023_6_MIN_NO,5.66
2023,6,2023-10-06,p_qb_min,Kirk Demo,QB,MIN,NO,MIN,dome,,,278.2,1,0,0.0,0,0,0.0,0,0,0,4,0,,,1.8,47.4,2023_6_MIN_NO,15.128
2023,6,2023-10-06,p_rb_min,Aaron Demo,RB,MIN,NO,MIN,dome,,,0.0,0,0,94.4,0,4,23.0,0,4,17,17,0,,,1.0,42.3,2023_6_MIN_NO,13.740000000000002
2023,6,2023-10-06,p_qb_det,Jared Demo,QB,DET,BAL,DET,outdoors,97.67941592361458,6.126024626049584,254.3,1,1,5.5,0,0,0.0,0,0,0,1,0,,,2.5,60.0,2023_6_DET_BAL,12.722000000000001
2023,6,2023-10-06,p_wr_det,Amon Demo,WR,DET,BAL,DET,outdoors,29.99863100514644,12.499998322148667,0.0,0,0,0.0,0,7,56.5,0,7,0,0,0,,,-0.9,43.5,2023_6_DET_BAL,9.15
2023,6,2023-10-06,p_qb_phi,Jalen Demo,QB,PHI,SF,PHI,outdoors,52.82773131017199,1.640724077495575,273.8,1,0,21.1,0,0,0.0,0,0,0,2,0,,,3.7,48.2,2023_6_PHI_SF,17.062
2023,6,2023-10-06,p_rb_phi,Saquon Demo,RB,PHI,SF,PHI,outdoors,66.25635331605365,5.802682433265549,0.0,0,0,23.0,1,4,46.8,0,4,9,9,0,,,-0.3,36.6,2023_6_PHI_SF,14.98
2023,6,2023-10-06,p_wr_dal,CeeDee Demo,WR,DAL,DAL,MIA,dome,,,0.0,0,0,0.0,0,3,105.6,1,5,1,1,1,,,0.2,54.9,2023_6_MIA_DAL,16.060000000000002
2023,6,2023-10-06,p_te_phi,Dallas Demo,TE,PHI,SF,PHI,outdoors,47.84673965450083,15.74362779231431,0.0,0,0,0.0,0,3,63.1,0,3,0,0,0,,,-6.6,40.7,2023_6_PHI_SF,7.8100000000000005
2023,7,2023-10-13,p_qb_kc,Patrick Demo,QB,KC,CHI,KC,outdoors,54.25141913369931,6.404471297235126,205.1,3,0,18.2,0,0,0.0,0,0,0,3,0,,,-1.2,43.4,2023_7_KC_CHI,22.024
2023,7,2023-10-13,p_rb_kc,Isiah Demo,RB,KC,CHI,KC,outdoors,72.23113524734114,4.339960335471428,0.0,0,0,67.8,0,6,19.0,0,8,20,20,0,,,-0.8,44.4,2023_7_KC_CHI,11.680000000000001
2023,7,2023-10-13,p_wr_kc,Rashee Demo,WR,KC,CHI,KC,outdoors,67.8135979086525,9.15504988627757,0.0,0,0,3.2,0,2,36.0,0,3,1,1,0,,,5.7,47.4,2023_7_KC_CHI,4.92
2023,7,2023-10-13,p_te_kc,Travis Demo,TE,KC,CHI,KC,outdoors,52.929293870776995,6.40663454711598,0.0,0,0,0.0,0,3,10.4,0,5,0,0,0,,,0.3,34.3,2023_7_KC_CHI,2.54
2023,7,2023-10-13,p_qb_buf,Josh Demo,QB,BUF,BUF,SF,outdoors,96.0925619966246,12.331831174925199,201.3,0,0,0.0,0,0,0.0,0,0,0,3,0,,,-4.6,46.1,2023_7_SF_BUF,8.052000000000001
2023,7,2023-10-13,p_rb_buf,James Demo,RB,BUF,BUF,SF,outdoors,60.92216906719136,1.926658363457193,0.0,0,0,95.0,0,6,0.0,0,6,16,16,0,,,1.3,48.8,2023_7_SF_BUF,12.5
2023,7,2023-10-13,p_wr_buf,Stefon Demo,WR,BUF,BUF,SF,outdoors,39.6040231882721,5.549308258803103,0.0,0,0,0.0,0,2,77.1,0,2,0,0,0,Doubtful,hamstring,-2.0,53.0,2023_7_SF_BUF,8.71
2023,7,2023-10-13,p_qb_sf,Brock Demo,QB,SF,BUF,SF,outdoors,73.53674339491212,4.221766417874037,253.4,2,0,0.0,0,0,0.0,0,0,0,0,0,,,2.5,38.0,2023_7_SF_BUF,18.136000000000003
2023,7,2023-10-13,p_rb_sf,CMC Demo,RB,SF,BUF,SF,outdoors,81.86347856849372,4.81751975075873,0.0,0,0,81.2,1,4,0.0,1,4,5,5,0,,,-6.4,40.8,2023_7_SF_BUF,22.12
2023,7,2023-10-13,p_wr_sf,Deebo Demo,WR,SF,BUF,SF,outdoors,32.5500928491568,14.762969548782728,0.0,0,0,14.1,0,4,25.4,0,7,0,0,0,,,-2.6,47.1,2023_7_SF_BUF,5.95
2023,7,2023-10-13,p_qb_no,Derek Demo,QB,NO,GB,NO,outdoors,59.84624886906851,6.419375640157564,183.9,1,0,30.8,0,0,0.0,0,0,0,0,0,,,-4.2,49.8,2023_7_NO_GB,14.436000000000002
2023,7,2023-10-13,p_wr_no,Chris Demo,WR,NO,GB,NO,outdoors,71.48775990677966,9.982434087054592,0.0,0,0,3.0,0,7,79.1,0,7,0,0,0,,,-1.2,41.8,2023_7_NO_GB,11.71
2023,7,2023-10-13,p_qb_min,Kirk Demo,QB,MIN,MIN,LAR,dome,,,324.2,2,1,0.5,0,0,0.0,0,0,0,2,0,,,0.1,36.0,2023_7_LAR_MIN,19.018
2023,7,2023-10-13,p_rb_min,Aaron Demo,RB,MIN,MIN,LAR,dome,,,0.0,0,0,104.4,0,1,51.2,0,1,11,11,0,,,-3.2,41.0,2023_7_LAR_MIN,16.060000000000002
2023,7,2023-10-13,p_qb_det,Jared Demo,QB,DET,DET,SEA,dome,,,212.9,1,1,49.0,0,0,0.0,0,0,0,3,0,,,-1.0,49.7,2023_7_SEA_DET,15.416
2023,7,2023-10-13,p_wr_det,Amon Demo,WR,DET,DET,SEA,dome,,,0.0,0,0,3.6,0,4,54.3,0,5,0,0,0,,,-4.5,48.2,2023_7_SEA_DET,7.789999999999999
2023,7,2023-10-13,p_qb_phi,Jalen Demo,QB,PHI,PHI,DAL,outdoors,41.37906351506275,9.417207178723185,188.0,2,0,35.2,0,0,0.0,0,0,0,1,0,,,1.0,50.5,2023_7_DAL_PHI,19.04
2023,7,2023-10-13,p_rb_phi,Saquon Demo,RB,PHI,PHI,DAL,outdoors,88.58247499621635,15.14893726235209,0.0,0,0,59.2,1,3,8.2,0,3,15,15,0,,,2.7,54.6,2023_7_DAL_PHI,14.240000000000002
2023,7,2023-10-13,p_wr_dal,CeeDee Demo,WR,DAL,PHI,DAL,outdoors,53.304394436929236,15.543598116612891,0.0,0,0,6.8,0,4,65.2,0,5,0,0,0,,,-6.2,41.6,2023_7_DAL_PHI,9.200000000000001
2023,7,2023-10-13,p_te_phi,Dallas Demo,TE,PHI,PHI,DAL,outdoors,45.34263979041246,11.173553210450022,0.0,0,0,0.0,0,3,49.9,0,4,0,0,0,,,2.4,42.4,2023_7_DAL_PHI,6.49
2023,8,2023-10-20,p_qb_kc,Patrick Demo,QB,KC,KC,BUF,outdoors,87.98271780223499,7.91201035372181,208.4,2,1,0.0,0,0,0.0,0,0,0,2,0,,,-0.7,46.3,2023_8_BUF_KC,14.335999999999999
2023,8,2023-10-20,p_rb_kc,Isiah Demo,RB,KC,KC,BUF,outdoors,53.51182397160924,9.995516026491266,0.0,0,0,51.0,0,3,42.3,0,3,16,16,0,,,1.0,51.3,2023_8_BUF_KC,10.83
2023,8,2023-10-20,p_wr_kc,Rashee Demo,WR,KC,KC,BUF,outdoors,45.573883319547015,8.90715698975181,0.0,0,0,4.1,0,3,62.8,0,3,0,0,0,,,-0.6,45.2,2023_8_BUF_KC,8.19
2023,8,2023-10-20,p_te_kc,Travis Demo,TE,KC,KC,BUF,outdoors,36.763025522366874,3.876887143976937,0.0,0,0,0.0,0,0,33.0,0,0,0,0,0,,,3.4,46.4,2023_8_BUF_KC,3.3000000000000003
2023,8,2023-10-20,p_qb_buf,Josh Demo,QB,BUF,KC,BUF,outdoors,70.39284502160295,7.901210700820742,200.9,3,0,0.0,0,0,0.0,0,0,0,4,0,,,2.2,50.1,2023_8_BUF_KC,20.036
2023,8,2023-10-20,p_rb_buf,James Demo,RB,BUF,KC,BUF,outdoors,51.70507492092164,10.824703267734073,0.0,0,0,76.0,1,6,18.0,0,7,1,1,0,,,5.9,46.1,2023_8_BUF_KC,18.400000000000002
2023,8,2023-10-20,p_wr_buf,Stefon Demo,WR,BUF,KC,BUF,outdoors,63.37772772411344,4.7860821517963785,0.0,0,0,4.7,0,3,46.7,0,4,0,0,0,,,-2.9,42.8,2023_8_BUF_KC,6.640000000000001
2023,8,2023-10-20,p_qb_sf,Brock Demo,QB,SF,SF,PHI,outdoors,40.000228287844045,9.783563195179763,294.8,0,0,8.9,0,0,0.0,0,0,0,1,0,,,-3.1,47.7,2023_8_PHI_SF,12.682
2023,8,2023-10-20,p_rb_sf,CMC Demo,RB,SF,SF,PHI,outdoors,39.208254053325064,4.954484280883396,0.0,0,0,118.4,0,0,31.1,0,2,12,12,0,,,-1.5,53.1,2023_8_PHI_SF,14.950000000000003
2023,8,2023-10-20,p_wr_sf,Deebo Demo,WR,SF,SF,PHI,outdoors,56.41480234571646,17.972142473405363,0.0,0,0,1.4,0,1,53.1,1,4,1,1,0,,,-2.7,43.2,2023_8_PHI_SF,11.95
2023,8,2023-10-20,p_qb_no,Derek Demo,QB,NO,NO,MIN,dome,,,330.3,0,0,0.0,0,0,0.0,0,0,0,4,0,Doubtful,knee,-0.9,47.5,2023_8_MIN_NO,13.212000000000002
2023,8,2023-10-20,p_wr_no,Chris Demo,WR,NO,NO,MIN,dome,,,0.0,0,0,0.0,0,4,80.1,0,6,1,1,0,,,-3.0,40.6,2023_8_MIN_NO,10.01
2023,8,2023-10-20,p_qb_min,Kirk Demo,QB,MIN,NO,MIN,dome,,,274.6,2,1,0.0,0,0,0.0,0,0,0,2,0,Questionable,knee,-1.5,42.4,2023_8_MIN_NO,16.984
2023,8,2023-10-20,p_rb_min,Aaron Demo,RB,MIN,NO,MIN,dome,,,0.0,0,0,105.1,1,4,4.9,0,4,9,9,0,,,-6.6,35.8,2023_8_MIN_NO,18.999999999999996
2023,8,2023-10-20,p_qb_det,Jared Demo,QB,DET,BAL,DET,outdoors,42.86351099207638,0.0,282.4,2,0,32.8,0,0,0.0,0,0,0,2,0,,,1.2,48.8,2023_8_DET_BAL,22.576
2023,8,2023-10-20,p_wr_det,Amon Demo,WR,DET,BAL,DET,outdoors,53.19872132396883,14.89916164877194,0.0,0,0,8.0,0,5,116.6,0,7,1,1,0,,,13.1,40.0,2023_8_DET_BAL,14.96
2023,8,2023-10-20,p_qb_phi,Jalen Demo,QB,PHI,SF,PHI,outdoors,61.28196742300821,9.986170264894959,367.0,2,1,43.2,0,0,0.0,0,0,0,4,0,,,0.9,45.6,2023_8_PHI_SF,25.0
2023,8,2023-10-20,p_rb_phi,Saquon Demo,RB,PHI,SF,PHI,outdoors,55.46702279417466,3.757375123236794,0.0,0,0,33.3,0,3,24.5,0,4,10,10,0,,,-1.1,43.8,2023_8_PHI_SF,7.28
2023,8,2023-10-20,p_wr_dal,CeeDee Demo,WR,DAL,DAL,MIA,dome,,,0.0,0,0,0.0,0,3,94.4,0,6,1,1,0,,,-1.5,47.5,2023_8_MIA_DAL,10.940000000000001
2023,8,2023-10-20,p_te_phi,Dallas Demo,TE,PHI,SF,PHI,outdoors,47.998162179347204,12.338877602630907,0.0,0,0,0.0,0,2,33.1,0,4,0,0,0,,,4.6,45.1,2023_8_PHI_SF,4.3100000000000005
2023,9,2023-10-27,p_qb_kc,Patrick Demo,QB,KC,CHI,KC,outdoors,38.75939766569776,9.972997106852702,360.6,0,1,10.2,0,0,0.0,0,0,0,1,0,,,-10.2,50.0,2023_9_KC_CHI,13.444
2023,9,2023-10-27,p_rb_kc,Isiah Demo,RB,KC,CHI,KC,outdoors,48.84488902822581,16.46157578058906,0.0,0,0,45.0,1,2,33.3,0,2,9,9,0,,,0.3,48.3,2023_9_KC_CHI,14.83
2023,9,2023-10-27,p_wr_kc,Rashee Demo,WR,KC,CHI,KC,outdoors,45.10753455740095,16.387847249377053,0.0,0,0,1.1,0,4,97.9,0,5,1,1,0,,,0.0,47.3,2023_9_KC_CHI,11.9
2023,9,2023-10-27,p_te_kc,Travis Demo,TE,KC,CHI,KC,outdoors,60.04372369528556,0.0,0.0,0,0,0.0,0,4,45.9,0,6,0,0,0,,,1.0,45.9,2023_9_KC_CHI,6.59
2023,9,2023-10-27,p_qb_buf,Josh Demo,QB,BUF,BUF,SF,outdoors,64.1956631465618,5.289596014027495,193.1,1,0,0.0,0,0,0.0,0,0,0,1,0,,,4.2,48.4,2023_9_SF_BUF,11.724
2023,9,2023-10-27,p_rb_buf,James Demo,RB,BUF,BUF,SF,outdoors,28.43192742412206,17.184475849145066,0.0,0,0,28.3,0,5,36.5,0,6,11,11,0,Questionable,,-1.0,35.8,2023_9_SF_BUF,8.98
2023,9,2023-10-27,p_wr_buf,Stefon Demo,WR,BUF,BUF,SF,outdoors,53.783392651759584,5.575998002488815,0.0,0,0,0.0,0,5,38.2,0,7,1,1,0,,,-0.8,40.3,2023_9_SF_BUF,6.32
2023,9,2023-10-27,p_qb_sf,Brock Demo,QB,SF,BUF,SF,outdoors,33.032014475296165,2.863847016561703,205.0,1,0,54.1,0,0,0.0,0,0,0,3,0,,,-2.4,35.1,2023_9_SF_BUF,17.61
2023,9,2023-10-27,p_rb_sf,CMC Demo,RB,SF,BUF,SF,outdoors,61.72464558634569,7.104170033932934,0.0,0,0,0.0,0,0,0.0,0,0,0,0,0,Out,ankle,-6.1,45.3,2023_9_SF_BUF,0.0
2023,9,2023-10-27,p_wr_sf,Deebo Demo,WR,SF,BUF,SF,outdoors,35.134266878846674,17.723811188252448,0.0,0,0,3.6,0,5,44.2,0,8,1,1,0,,,2.4,37.9,2023_9_SF_BUF,7.280000000000001
2023,9,2023-10-27,p_qb_no,Derek Demo,QB,NO,GB,NO,outdoors,57.735838220858135,14.404721043902121,185.5,3,0,0.0,0,0,0.0,0,0,0,2,0,,,-2.7,53.7,2023_9_NO_GB,19.42
2023,9,2023-10-27,p_wr_no,Chris Demo,WR,NO,GB,NO,outdoors,74.05064400890387,5.333739086586517,0.0,0,0,3.2,0,4,14.1,1,4,0,0,0,,,-3.0,45.2,2023_9_NO_GB,9.73
2023,9,2023-10-27,p_qb_min,Kirk Demo,QB,MIN,MIN,LAR,dome,,,324.2,3,1,1.1,0,0,0.0,0,0,0,4,0,,,-5.6,45.1,2023_9_LAR_MIN,23.078
2023,9,2023-10-27,p_rb_min,Aaron Demo,RB,MIN,MIN,LAR,dome,,,0.0,0,0,0.0,0,0,0.0,0,0,0,0,0,Out,,-5.6,41.2,2023_9_LAR_MIN,0.0
2023,9,2023-10-27,p_qb_det,Jared Demo,QB,DET,DET,SEA,dome,,,120.5,1,0,0.0,0,0,0.0,0,0,0,3,0,,,0.0,42.2,2023_9_SEA_DET,8.82
2023,9,2023-10-27,p_wr_det,Amon Demo,WR,DET,DET,SEA,dome,,,0.0,0,0,0.0,0,5,82.7,0,8,0,0,0,,,-2.3,47.1,2023_9_SEA_DET,10.770000000000001
2023,9,2023-10-27,p_qb_phi,Jalen Demo,QB,PHI,PHI,DAL,outdoors,54.199377333572336,13.431629584365162,213.0,1,1,63.5,0,0,0.0,0,0,0,3,0,,,7.1,50.4,2023_9_DAL_PHI,16.87
2023,9,2023-10-27,p_rb_phi,Saquon Demo,RB,PHI,PHI,DAL,outdoors,62.688924901468425,9.288478606382776,0.0,0,0,51.9,0,3,29.3,0,4,15,15,0,Questionable,knee,-2.6,54.5,2023_9_DAL_PHI,9.620000000000001
2023,9,2023-10-27,p_wr_dal,CeeDee Demo,WR,DAL,PHI,DAL,outdoors,61.414543283196174,6.398796288492836,0.0,0,0,10.8,0,3,42.9,0,3,0,0,0,,,-1.9,35.2,2023_9_DAL_PHI,6.87
2023,9,2023-10-27,p_te_phi,Dallas Demo,TE,PHI,PHI,DAL,outdoors,47.49677711865606,0.5597162803407345,0.0,0,0,0.0,0,6,12.3,1,6,0,0,0,Questionable,knee,3.0,41.0,2023_9_DAL_PHI,10.23
2023,10,2023-11-03,p_qb_kc,Patrick Demo,QB,KC,KC,BUF,outdoors,64.08287807836464,6.688109346449166,239.8,2,0,31.2,0,0,0.0,0,0,0,2,0,,,-4.2,47.6,2023_10_BUF_KC,20.712
2023,10,2023-11-03,p_rb_kc,Isiah Demo,RB,KC,KC,BUF,outdoors,56.12390617849339,13.196268048170303,0.0,0,0,28.4,1,3,10.9,0,3,15,15,0,,,-6.0,46.0,2023_10_BUF_KC,11.43
2023,10,2023-11-03,p_wr_kc,Rashee Demo,WR,KC,KC,BUF,outdoors,41.28167429809117,9.503572709088642,0.0,0,0,0.0,0,6,96.7,0,8,1,1,0,,,2.3,46.1,2023_10_BUF_KC,12.670000000000002
2023,10,2023-11-03,p_te_kc,Travis Demo,TE,KC,KC,BUF,outdoors,50.442898202098334,14.214151919341202,0.0,0,0,0.0,0,4,24.5,0,5,0,0,0,,,-2.8,47.8,2023_10_BUF_KC,4.45
2023,10,2023-11-03,p_qb_buf,Josh Demo,QB,BUF,KC,BUF,outdoors,79.3538076695933,9.798557494520534,277.7,3,0,0.3,1,0,0.0,0,0,0,2,0,,,0.5,30.6,2023_10_BUF_KC,29.138
2023,10,2023-11-03,p_rb_buf,James Demo,RB,BUF,KC,BUF,outdoors,64.63229428448894,10.22964174169227,0.0,0,0,66.4,0,3,33.8,0,5,9,9,0,,,-1.9,49.8,2023_10_BUF_KC,11.52
2023,10,2023-11-03,p_wr_buf,Stefon Demo,WR,BUF,KC,BUF,outdoors,67.01767558422594,8.743640879601365,0.0,0,0,8.4,0,4,79.0,0,6,1,1,0,,,-1.8,50.2,2023_10_BUF_KC,10.74
2023,10,2023-11-03,p_qb_sf,Brock Demo,QB,SF,SF,PHI,outdoors,58.6010726896312,6.5364791778925655,295.4,3,0,29.9,0,0,0.0,0,0,0,2,0,,,-0.5,46.9,2023_10_PHI_SF,26.805999999999997
2023,10,2023-11-03,p_rb_sf,CMC Demo,RB,SF,SF,PHI,outdoors,74.45585794736738,2.2990763642566074,0.0,0,0,54.9,1,6,16.5,0,7,11,11,0,,,-11.2,41.0,2023_10_PHI_SF,16.14
2023,10,2023-11-03,p_wr_sf,Deebo Demo,WR,SF,SF,PHI,outdoors,63.863231102374556,2.4700752533039,0.0,0,0,1.8,0,5,90.4,1,6,1,1,0,,,3.1,42.5,2023_10_PHI_SF,17.72
2023,10,2023-11-03,p_qb_no,Derek Demo,QB,NO,NO,MIN,dome,,,144.4,1,0,21.3,0,0,0.0,0,0,0,0,0,Questionable,ankle,-2.4,53.6,2023_10_MIN_NO,11.906
2023,10,2023-11-03,p_wr_no,Chris Demo,WR,NO,NO,MIN,dome,,,0.0,0,0,6.4,0,4,63.7,0,6,1,1,0,,,0.7,44.8,2023_10_MIN_NO,9.010000000000002
2023,10,2023-11-03,p_qb_min,Kirk Demo,QB,MIN,NO,MIN,dome,,,309.5,2,0,0.0,1,0,0.0,0,0,0,1,0,,,-6.5,44.2,2023_10_MIN_NO,26.380000000000003
2023,10,2023-11-03,p_rb_min,Aaron Demo,RB,MIN,NO,MIN,dome,,,0.0,0,0,45.7,0,4,51.1,0,5,23,23,0,,,-10.2,43.8,2023_10_MIN_NO,11.68
2023,10,2023-11-03,p_qb_det,Jared Demo,QB,DET,BAL,DET,outdoors,57.272754576219675,9.377363054838918,329.3,1,0,0.0,0,0,0.0,0,0,0,3,0,,,-2.5,42.8,2023_10_DET_BAL,17.172
2023,10,2023-11-03,p_wr_det,Amon Demo,WR,DET,BAL,DET,outdoors,35.752782960945105,0.4978979888974573,0.0,0,0,1.0,0,3,98.2,0,3,1,1,0,,,-0.5,47.8,2023_10_DET_BAL,11.42
2023,10,2023-11-03,p_qb_phi,Jalen Demo,QB,PHI,SF,PHI,outdoors,53.59162260222452,13.395618896621045,250.5,3,1,23.4,0,0,0.0,0,0,0,1,0,,,1.7,43.2,2023_10_PHI_SF,22.36
2023,10,2023-11-03,p_rb_phi,Saquon Demo,RB,PHI,SF,PHI,outdoors,41.75701728178599,5.082383106044798,0.0,0,0,127.3,1,2,30.7,1,4,9,9,0,Questionable,,-1.4,47.2,2023_10_PHI_SF,28.8
2023,10,2023-11-03,p_wr_dal,CeeDee Demo,WR,DAL,DAL,MIA,dome,,,0.0,0,0,0.4,0,2,74.7,0,3,0,0,0,,,9.0,34.8,2023_10_MIA_DAL,8.510000000000002
2023,10,2023-11-03,p_te_phi,Dallas Demo,TE,PHI,SF,PHI,outdoors,54.94466461527412,4.094287538586106,0.0,0,0,0.0,0,5,65.3,0,6,0,0,0,,,-0.4,45.6,2023_10_PHI_SF,9.030000000000001
2024,1,2024-09-01,p_qb_kc,Patrick Demo,QB,KC,CHI,KC,outdoors,58.78673971888589,11.766060324139325,176.2,1,0,20.0,0,0,0.0,0,0,0,0,0,,,-2.4,46.8,2024_1_KC_CHI,13.048
2024,1,2024-09-01,p_rb_kc,Isiah Demo,RB,KC,CHI,KC,outdoors,40.19530366305892,5.268378207436665,0.0,0,0,76.3,0,3,57.1,0,3,15,15,0,Questionable,,-6.0,54.0,2024_1_KC_CHI,14.84
2024,1,2024-09-01,p_wr_kc,Rashee Demo,WR,KC,CHI,KC,outdoors,15.246646790527357,6.297469524840805,0.0,0,0,5.3,0,4,86.5,0,7,0,0,0,,,0.1,44.3,2024_1_KC_CHI,11.18
2024,1,2024-09-01,p_te_kc,Travis Demo,TE,KC,CHI,KC,outdoors,42.24688937291413,9.565828036661747,0.0,0,0,0.0,0,4,6.1,0,4,0,0,0,Questionable,hamstring,2.3,37.4,2024_1_KC_CHI,2.61
2024,1,2024-09-01,p_qb_buf,Josh Demo,QB,BUF,BUF,SF,outdoors,65.99580389506569,7.518932585359005,318.5,2,2,15.5,0,0,0.0,0,0,0,2,0,,,-1.8,39.4,2024_1_SF_BUF,18.290000000000003
2024,1,2024-09-01,p_rb_buf,James Demo,RB,BUF,BUF,SF,outdoors,45.930493951863305,5.157789581411263,0.0,0,0,67.7,0,2,24.7,0,2,14,14,0,,,7.5,45.3,2024_1_SF_BUF,10.24
2024,1,2024-09-01,p_wr_buf,Stefon Demo,WR,BUF,BUF,SF,outdoors,34.32847987698963,5.644998693753749,0.0,0,0,0.0,0,7,47.4,0,7,1,1,0,,,-1.0,52.4,2024_1_SF_BUF,8.24
2024,1,2024-09-01,p_qb_sf,Brock Demo,QB,SF,BUF,SF,outdoors,35.26504667088351,0.0,184.7,1,1,0.0,0,0,0.0,0,0,0,3,0,,,-4.0,38.3,2024_1_SF_BUF,9.388
2024,1,2024-09-01,p_rb_sf,CMC Demo,RB,SF,BUF,SF,outdoors,54.35185259655977,12.340883898633342,0.0,0,0,101.6,1,1,25.5,1,1,24,24,0,,,-0.9,52.1,2024_1_SF_BUF,25.21
2024,1,2024-09-01,p_wr_sf,Deebo Demo,WR,SF,BUF,SF,outdoors,45.34378862100624,5.354807512161802,0.0,0,0,0.9,0,1,82.9,1,2,0,0,0,,,0.3,41.5,2024_1_SF_BUF,14.88
2024,1,2024-09-01,p_qb_no,Derek Demo,QB,NO,GB,NO,outdoors,87.30201890756317,8.47847688798128,178.7,2,0,6.1,0,0,0.0,0,0,0,4,0,,,-4.4,43.3,2024_1_NO_GB,15.758
2024,1,2024-09-01,p_wr_no,Chris Demo,WR,NO,GB,NO,outdoors,45.57520021917381,6.608167798494508,0.0,0,0,4.2,0,4,71.8,0,5,1,1,0,,,2.2,38.7,2024_1_NO_GB,9.6
2024,1,2024-09-01,p_qb_min,Kirk Demo,QB,MIN,MIN,LAR,dome,,,200.0,1,0,40.1,0,0,0.0,0,0,0,2,0,,,0.3,46.1,2024_1_LAR_MIN,16.01
2024,1,2024-09-01,p_rb_min,Aaron Demo,RB,MIN,MIN,LAR,dome,,,0.0,0,0,143.7,0,4,5.8,1,5,13,13,0,Questionable,,1.4,40.6,2024_1_LAR_MIN,22.949999999999996
2024,1,2024-09-01,p_qb_det,Jared Demo,QB,DET,DET,SEA,dome,,,256.1,0,2,8.3,0,0,0.0,0,0,0,3,0,,,-5.7,51.6,2024_1_SEA_DET,7.074000000000002
2024,1,2024-09-01,p_wr_det,Amon Demo,WR,DET,DET,SEA,dome,,,0.0,0,0,3.6,0,7,96.7,0,7,0,0,0,,,2.1,44.1,2024_1_SEA_DET,13.530000000000001
2024,1,2024-09-01,p_qb_phi,Jalen Demo,QB,PHI,PHI,DAL,outdoors,58.851756722707854,0.0,292.0,0,0,4.6,0,0,0.0,0,0,0,1,0,,,7.6,52.9,2024_1_DAL_PHI,12.14
2024,1,2024-09-01,p_rb_phi,Saquon Demo,RB,PHI,PHI,DAL,outdoors,54.62058601652571,12.221005953464426,0.0,0,0,109.5,0,2,0.0,0,3,24,24,0,,,-8.5,49.0,2024_1_DAL_PHI,11.950000000000001
2024,1,2024-09-01,p_wr_dal,CeeDee Demo,WR,DAL,PHI,DAL,outdoors,45.0497583750331,11.132881948955019,0.0,0,0,3.3,0,4,45.5,0,7,0,0,0,Doubtful,knee,1.4,45.1,2024_1_DAL_PHI,6.88
2024,1,2024-09-01,p_te_phi,Dallas Demo,TE,PHI,PHI,DAL,outdoors,69.8359693206331,0.0,0.0,0,0,0.0,0,3,29.5,0,3,0,0,0,,,4.5,42.4,2024_1_DAL_PHI,4.45
2024,2,2024-09-08,p_qb_kc,Patrick Demo,QB,KC,KC,BUF,outdoors,57.93727581822192,0.0,364.0,1,0,20.5,0,0,0.0,0,0,0,4,0,,,-0.3,43.2,2024_2_BUF_KC,20.610000000000003
2024,2,2024-09-08,p_rb_kc,Isiah Demo,RB,KC,KC,BUF,outdoors,61.43121681180319,13.387392713598416,0.0,0,0,58.0,1,3,7.1,0,3,10,10,0,,,0.9,38.0,2024_2_BUF_KC,14.010000000000002
2024,2,2024-09-08,p_wr_kc,Rashee Demo,WR,KC,KC,BUF,outdoors,61.37026679808631,3.9235678560273266,0.0,0,0,3.5,0,6,26.9,0,7,0,0,0,,,1.4,43.9,2024_2_BUF_KC,6.04
2024,2,2024-09-08,p_te_kc,Travis Demo,TE,KC,KC,BUF,outdoors,47.343387266390806,2.047138319433449,0.0,0,0,0.0,0,5,25.6,0,7,0,0,0,,,-4.2,43.9,2024_2_BUF_KC,5.0600000000000005
2024,2,2024-09-08,p_qb_buf,Josh Demo,QB,BUF,KC,BUF,outdoors,53.188471349889895,7.1494040443492075,299.5,0,0,31.4,1,0,0.0,0,0,0,2,0,,,-5.9,49.6,2024_2_BUF_KC,21.12
2024,2,2024-09-08,p_rb_buf,James Demo,RB,BUF,KC,BUF,outdoors,30.228972513655957,2.3792974091781964,0.0,0,0,70.2,0,3,0.0,0,3,18,18,1,,,-0.0,51.1,2024_2_BUF_KC,6.52
2024,2,2024-09-08,p_wr_buf,Stefon Demo,WR,BUF,KC,BUF,outdoors,57.223346442752174,13.475770406562985,0.0,0,0,0.0,0,5,64.5,0,7,0,0,0,,,0.1,40.8,2024_2_BUF_KC,8.95
2024,2,2024-09-08,p_qb_sf,Brock Demo,QB,SF,SF,PHI,outdoors,40.35422188350613,6.908832777264131,232.3,4,3,39.8,0,0,0.0,0,0,0,3,0,,,3.4,42.6,2024_2_PHI_SF,23.272000000000002
2024,2,2024-09-08,p_rb_sf,CMC Demo,RB,SF,SF,PHI,outdoors,45.421357144344675,8.498551881620456,0.0,0,0,62.3,0,5,5.5,0,6,6,6,0,Doubtful,shoulder,1.9,39.3,2024_2_PHI_SF,9.280000000000001
2024,2,2024-09-08,p_wr_sf,Deebo Demo,WR,SF,SF,PHI,outdoors,62.63871976619628,6.7362115473278745,0.0,0,0,7.4,0,9,36.6,1,12,0,0,1,,,4.2,45.3,2024_2_PHI_SF,12.9
2024,2,2024-09-08,p_qb_no,Derek Demo,QB,NO,NO,MIN,dome,,,201.0,1,1,11.2,0,0,0.0,0,0,0,3,0,,,6.6,48.9,2024_2_MIN_NO,11.16
2024,2,2024-09-08,p_wr_no,Chris Demo,WR,NO,NO,MIN,dome,,,0.0,0,0,1.0,0,3,84.6,0,3,1,1,0,,,-0.3,43.4,2024_2_MIN_NO,10.059999999999999
2024,2,2024-09-08,p_qb_min,Kirk Demo,QB,MIN,NO,MIN,dome,,,278.8,1,0,0.0,0,0,0.0,0,0,0,3,0,,,-2.2,44.4,2024_2_MIN_NO,15.152000000000001
2024,2,2024-09-08,p_rb_min,Aaron Demo,RB,MIN,NO,MIN,dome,,,0.0,0,0,86.1,0,3,21.4,0,4,11,11,0,,,-6.7,46.6,2024_2_MIN_NO,12.25
2024,2,2024-09-08,p_qb_det,Jared Demo,QB,DET,BAL,DET,outdoors,43.59080570484279,8.01074540213843,0.0,0,0,0.0,0,0,0.0,0,0,0,0,0,Out,,-5.9,54.1,2024_2_DET_BAL,0.0
2024,2,2024-09-08,p_wr_det,Amon Demo,WR,DET,BAL,DET,outdoors,41.422374148846366,4.506837926687732,0.0,0,0,0.0,0,2,95.5,0,3,0,0,0,,,-1.7,41.2,2024_2_DET_BAL,10.55
2024,2,2024-09-08,p_qb_phi,Jalen Demo,QB,PHI,SF,PHI,outdoors,52.16876947203438,18.57814915031252,333.6,2,0,13.8,0,0,0.0,0,0,0,3,0,,,0.9,49.1,2024_2_PHI_SF,22.724
2024,2,2024-09-08,p_rb_phi,Saquon Demo,RB,PHI,SF,PHI,outdoors,66.2913515078366,8.55090288890679,0.0,0,0,33.4,0,4,31.6,0,6,21,21,1,,,0.3,40.1,2024_2_PHI_SF,6.5
2024,2,2024-09-08,p_wr_dal,CeeDee Demo,WR,DAL,DAL,MIA,dome,,,0.0,0,0,0.9,0,5,50.7,0,8,0,0,0,,,-0.9,38.7,2024_2_MIA_DAL,7.66
2024,2,2024-09-08,p_te_phi,Dallas Demo,TE,PHI,SF,PHI,outdoors,49.09147190733546,1.320413453042831,0.0,0,0,0.0,0,4,63.5,0,4,0,0,0,,,-2.9,42.1,2024_2_PHI_SF,8.350000000000001
2024,3,2024-09-15,p_qb_kc,Patrick Demo,QB,KC,CHI,KC,outdoors,68.2628160806918,11.007750011719597,305.5,3,2,22.3,0,0,0.0,0,0,0,4,0,,,-2.2,56.2,2024_3_KC_CHI,22.45
2024,3,2024-09-15,p_rb_kc,Isiah Demo,RB,KC,CHI,KC,outdoors,51.41974415404783,3.5870953332496187,0.0,0,0,81.8,0,2,42.0,0,4,17,17,0,,,4.2,46.7,2024_3_KC_CHI,13.379999999999999
2024,3,2024-09-15,p_wr_kc,Rashee Demo,WR,KC,CHI,KC,outdoors,51.54194733736301,13.27266848271041,0.0,0,0,3.6,0,3,62.1,0,3,0,0,0,,,3.1,39.7,2024_3_KC_CHI,8.07
2024,3,2024-09-15,p_te_kc,Travis Demo,TE,KC,CHI,KC,outdoors,36.37896432920503,0.5626440330962073,0.0,0,0,0.0,0,4,58.1,1,5,0,0,0,Doubtful,hamstring,-3.9,45.5,2024_3_KC_CHI,13.81
2024,3,2024-09-15,p_qb_buf,Josh Demo,QB,BUF,BUF,SF,outdoors,24.949463058997065,11.70321354921537,204.8,1,1,1.8,0,0,0.0,0,0,0,3,0,,,-1.8,55.9,2024_3_SF_BUF,10.372
2024,3,2024-09-15,p_rb_buf,James Demo,RB,BUF,BUF,SF,outdoors,60.743067030572064,3.025963814276243,0.0,0,0,101.8,1,3,6.1,0,5,22,22,0,,,-3.6,47.7,2024_3_SF_BUF,18.29
2024,3,2024-09-15,p_wr_buf,Stefon Demo,WR,BUF,BUF,SF,outdoors,56.536342160783676,15.309204296967998,0.0,0,0,0.0,0,4,83.6,0,6,1,1,0,,,4.0,52.0,2024_3_SF_BUF,10.36
2024,3,2024-09-15,p_qb_sf,Brock Demo,QB,SF,BUF,SF,outdoors,82.05895724879302,8.673097181612983,231.3,1,1,24.8,0,0,0.0,0,0,0,2,0,,,3.0,52.6,2024_3_SF_BUF,13.732000000000001
2024,3,2024-09-15,p_rb_sf,CMC Demo,RB,SF,BUF,SF,outdoors,58.800968758318014,11.473442611986034,0.0,0,0,16.6,0,1,25.4,0,3,24,24,0,,,2.1,48.8,2024_3_SF_BUF,4.7
2024,3,2024-09-15,p_wr_sf,Deebo Demo,WR,SF,BUF,SF,outdoors,60.984694521088514,9.51871251225664,0.0,0,0,10.4,0,7,33.2,1,10,1,1,0,,,4.5,46.9,2024_3_SF_BUF,13.86
2024,3,2024-09-15,p_qb_no,Derek Demo,QB,NO,GB,NO,outdoors,56.81860817015565,0.0,245.2,0,1,25.1,0,0,0.0,0,0,0,1,1,,,4.0,41.9,2024_3_NO_GB,8.318
2024,3,2024-09-15,p_wr_no,Chris Demo,WR,NO,GB,NO,outdoors,68.02099748276758,0.0,0.0,0,0,1.7,0,4,61.0,1,6,0,0,0,,,-1.3,47.5,2024_3_NO_GB,14.27
2024,3,2024-09-15,p_qb_min,Kirk Demo,QB,MIN,MIN,LAR,dome,,,217.0,3,0,13.7,0,0,0.0,0,0,0,3,0,,,-0.1,44.4,2024_3_LAR_MIN,22.05
2024,3,2024-09-15,p_rb_min,Aaron Demo,RB,MIN,MIN,LAR,dome,,,0.0,0,0,0.0,0,0,0.0,0,0,0,0,0,Out,ankle,-1.1,41.3,2024_3_LAR_MIN,0.0
2024,3,2024-09-15,p_qb_det,Jared Demo,QB,DET,DET,SEA,dome,,,346.3,1,0,0.0,0,0,0.0,0,0,0,4,0,,,4.7,37.2,2024_3_SEA_DET,17.852
2024,3,2024-09-15,p_wr_det,Amon Demo,WR,DET,DET,SEA,dome,,,0.0,0,0,0.4,0,6,25.3,0,7,0,0,0,,,-6.3,46.2,2024_3_SEA_DET,5.57
2024,3,2024-09-15,p_qb_phi,Jalen Demo,QB,PHI,PHI,DAL,outdoors,62.582440663124125,11.88608268228063,327.2,1,2,34.2,0,0,0.0,0,0,0,0,0,,,-4.8,45.1,2024_3_DAL_PHI,16.508000000000003
2024,3,2024-09-15,p_rb_phi,Saquon Demo,RB,PHI,PHI,DAL,outdoors,65.73307077556,4.866842202437337,0.0,0,0,46.0,1,5,70.7,0,5,8,8,0,,,-3.8,42.6,2024_3_DAL_PHI,20.17
2024,3,2024-09-15,p_wr_dal,CeeDee Demo,WR,DAL,PHI,DAL,outdoors,53.857015919202944,9.615987984293538,0.0,0,0,0.0,0,0,0.0,0,0,0,0,0,Out,,-2.8,38.0,2024_3_DAL_PHI,0.0
2024,3,2024-09-15,p_te_phi,Dallas Demo,TE,PHI,PHI,DAL,outdoors,74.43929032426396,8.804710683080254,0.0,0,0,0.0,0,3,23.2,0,4,0,0,0,,,2.3,36.7,2024_3_DAL_PHI,3.82
2024,4,2024-09-22,p_qb_kc,Patrick Demo,QB,KC,KC,BUF,outdoors,64.36289671326034,12.49615535905555,283.5,0,1,0.0,0,0,0.0,0,0,0,4,0,,,1.5,50.6,2024_4_BUF_KC,9.34
2024,4,2024-09-22,p_rb_kc,Isiah Demo,RB,KC,KC,BUF,outdoors,47.825842929877076,10.368359454084008,0.0,0,0,56.5,1,0,7.4,0,2,18,18,0,,,2.7,43.3,2024_4_BUF_KC,12.39
2024,4,2024-09-22,p_wr_kc,Rashee Demo,WR,KC,KC,BUF,outdoors,76.2541662368597,12.037436170114741,0.0,0,0,6.0,0,8,43.9,0,9,0,0,0,,,-9.4,45.0,2024_4_BUF_KC,8.989999999999998
2024,4,2024-09-22,p_te_kc,Travis Demo,TE,KC,KC,BUF,outdoors,66.75639651096698,9.7620968950502,0.0,0,0,0.0,0,2,59.7,0,4,0,0,0,,,-8.9,40.5,2024_4_BUF_KC,6.970000000000001
2024,4,2024-09-22,p_qb_buf,Josh Demo,QB,BUF,KC,BUF,outdoors,56.11249264909033,3.273086603200924,219.2,2,1,0.0,1,0,0.0,0,0,0,2,0,,,0.3,53.1,2024_4_BUF_KC,20.768
2024,4,2024-09-22,p_rb_buf,James Demo,RB,BUF,KC,BUF,outdoors,40.18723330226958,11.392014376483168,0.0,0,0,92.4,0,4,21.8,0,4,16,16,0,,,-0.9,45.8,2024_4_BUF_KC,13.42
2024,4,2024-09-22,p_wr_buf,Stefon Demo,WR,BUF,KC,BUF,outdoors,64.15195755695665,7.78274682745537,0.0,0,0,2.8,0,5,30.4,0,7,1,1,0,,,-4.8,46.7,2024_4_BUF_KC,5.82
2024,4,2024-09-22,p_qb_sf,Brock Demo,QB,SF,SF,PHI,outdoors,64.0352925833878,1.9799154308197036,246.1,2,0,0.0,0,0,0.0,0,0,0,2,0,,,-2.5,45.1,2024_4_PHI_SF,17.844
2024,4,2024-09-22,p_rb_sf,CMC Demo,RB,SF,SF,PHI,outdoors,58.69417137240788,10.46861357230124,0.0,0,0,49.7,0,6,74.8,0,8,10,10,0,,,5.4,39.9,2024_4_PHI_SF,15.450000000000001
2024,4,2024-09-22,p_wr_sf,Deebo Demo,WR,SF,SF,PHI,outdoors,57.938980966659535,12.322892256429373,0.0,0,0,0.3,0,1,83.6,0,4,1,1,0,,,-1.9,41.8,2024_4_PHI_SF,8.889999999999999
2024,4,2024-09-22,p_qb_no,Derek Demo,QB,NO,NO,MIN,dome,,,273.2,2,0,18.2,1,0,0.0,0,0,0,4,0,Questionable,shoulder,-4.0,46.3,2024_4_MIN_NO,26.747999999999998
2024,4,2024-09-22,p_wr_no,Chris Demo,WR,NO,NO,MIN,dome,,,0.0,0,0,6.7,0,5,78.8,0,7,1,1,0,,,1.2,44.3,2024_4_MIN_NO,11.05
2024,4,2024-09-22,p_qb_min,Kirk Demo,QB,MIN,NO,MIN,dome,,,330.5,3,2,24.4,1,0,0.0,0,0,0,1,0,Doubtful,hamstring,3.1,44.0,2024_4_MIN_NO,29.66
2024,4,2024-09-22,p_rb_min,Aaron Demo,RB,MIN,NO,MIN,dome,,,0.0,0,0,66.4,0,3,75.7,0,5,17,17,0,,,-1.9,52.1,2024_4_MIN_NO,15.71
2024,4,2024-09-22,p_qb_det,Jared Demo,QB,DET,BAL,DET,outdoors,-10.836718772972546,11.370116011580983,365.1,2,2,23.9,0,0,0.0,0,0,0,3,0,,,-1.6,36.7,2024_4_DET_BAL,20.994
2024,4,2024-09-22,p_wr_det,Amon Demo,WR,DET,BAL,DET,outdoors,81.24630879169443,13.647904271137296,0.0,0,0,0.0,0,1,39.6,0,4,1,1,0,,,-5.7,49.9,2024_4_DET_BAL,4.460000000000001
2024,4,2024-09-22,p_qb_phi,Jalen Demo,QB,PHI,SF,PHI,outdoors,46.77761312734445,7.137390070080079,133.0,4,0,20.7,0,0,0.0,0,0,0,2,0,,,-0.7,42.8,2024_4_PHI_SF,23.39
2024,4,2024-09-22,p_rb_phi,Saquon Demo,RB,PHI,SF,PHI,outdoors,46.67161083744692,9.930734504960952,0.0,0,0,71.0,0,2,14.8,0,3,15,15,0,,,-2.1,55.5,2024_4_PHI_SF,9.580000000000002
2024,4,2024-09-22,p_wr_dal,CeeDee Demo,WR,DAL,DAL,MIA,dome,,,0.0,0,0,0.0,0,3,13.0,1,5,0,0,0,,,-3.6,55.1,2024_4_MIA_DAL,8.8
2024,4,2024-09-22,p_te_phi,Dallas Demo,TE,PHI,SF,PHI,outdoors,50.96461253160022,15.18629540218038,0.0,0,0,0.0,0,5,100.0,0,6,0,0,0,,,-2.4,36.8,2024_4_PHI_SF,12.5
2024,5,2024-09-29,p_qb_kc,Patrick Demo,QB,KC,CHI,KC,outdoors,72.16890008241072,10.994170863280345,251.2,1,1,18.3,0,0,0.0,0,0,0,4,0,,,1.5,58.9,2024_5_KC_CHI,13.878
2024,5,2024-09-29,p_rb_kc,Isiah Demo,RB,KC,CHI,KC,outdoors,51.37945817947951,7.960445049376368,0.0,0,0,53.8,0,3,28.0,0,5,29,29,0,,,0.8,37.4,2024_5_KC_CHI,9.68
2024,5,2024-09-29,p_wr_kc,Rashee Demo,WR,KC,CHI,KC,outdoors,72.21066522699715,1.322715748200638,0.0,0,0,0.0,0,5,106.1,0,6,1,1,0,,,1.8,49.3,2024_5_KC_CHI,13.11
2024,5,2024-09-29,p_te_kc,Travis Demo,TE,KC,CHI,KC,outdoors,72.01798673045829,11.828477629460545,0.0,0,0,0.0,0,6,59.6,0,6,0,0,0,,,3.5,36.9,2024_5_KC_CHI,8.96
2024,5,2024-09-29,p_qb_buf,Josh Demo,QB,BUF,BUF,SF,outdoors,43.959881497153425,7.350899141637234,273.3,1,2,0.0,1,0,0.0,0,0,0,3,0,,,9.6,48.8,2024_5_SF_BUF,16.932000000000002
2024,5,2024-09-29,p_rb_buf,James Demo,RB,BUF,BUF,SF,outdoors,83.91054632845342,6.262844147569028,0.0,0,0,74.6,0,6,22.9,0,6,16,16,0,,,4.4,58.7,2024_5_SF_BUF,12.75
2024,5,2024-09-29,p_wr_buf,Stefon Demo,WR,BUF,BUF,SF,outdoors,56.7514013180885,8.853135418095407,0.0,0,0,8.6,0,3,56.7,0,5,0,0,0,,,-0.2,54.8,2024_5_SF_BUF,8.030000000000001
2024,5,2024-09-29,p_qb_sf,Brock Demo,QB,SF,BUF,SF,outdoors,41.318822347153095,4.360097573179424,332.5,2,1,22.8,0,0,0.0,0,0,0,2,0,,,-3.1,48.1,2024_5_SF_BUF,21.580000000000002
2024,5,2024-09-29,p_rb_sf,CMC Demo,RB,SF,BUF,SF,outdoors,34.08826234369879,11.505180134360533,0.0,0,0,109.1,1,2,5.8,0,2,11,11,0,,,7.6,48.3,2024_5_SF_BUF,18.49
2024,5,2024-09-29,p_wr_sf,Deebo Demo,WR,SF,BUF,SF,outdoors,68.2509935339864,11.855181083799026,0.0,0,0,0.0,0,5,56.9,0,5,0,0,0,,,-5.3,46.7,2024_5_SF_BUF,8.190000000000001
2024,5,2024-09-29,p_qb_no,Derek Demo,QB,NO,GB,NO,outdoors,26.644416284368624,10.538308844443588,307.9,1,0,0.0,0,0,0.0,0,0,0,3,0,,,-0.7,36.1,2024_5_NO_GB,16.316
2024,5,2024-09-29,p_wr_no,Chris Demo,WR,NO,GB,NO,outdoors,43.439811104917496,7.826718242935104,0.0,0,0,0.0,0,3,56.6,0,3,1,1,0,,,2.9,50.8,2024_5_NO_GB,7.16
2024,5,2024-09-29,p_qb_min,Kirk Demo,QB,MIN,MIN,LAR,dome,,,284.2,2,0,0.0,0,0,0.0,0,0,0,2,0,,,-0.1,51.7,2024_5_LAR_MIN,19.368000000000002
2024,5,2024-09-29,p_rb_min,Aaron Demo,RB,MIN,MIN,LAR,dome,,,0.0,0,0,112.0,0,0,34.7,1,0,12,12,0,Questionable,hamstring,1.8,56.1,2024_5_LAR_MIN,20.67
2024,5,2024-09-29,p_qb_det,Jared Demo,QB,DET,DET,SEA,dome,,,396.9,0,1,37.2,0,0,0.0,0,0,0,1,0,,,4.6,51.7,2024_5_SEA_DET,17.596
2024,5,2024-09-29,p_wr_det,Amon Demo,WR,DET,DET,SEA,dome,,,0.0,0,0,1.7,0,4,88.5,0,7,0,0,0,,,3.6,44.8,2024_5_SEA_DET,11.02
2024,5,2024-09-29,p_qb_phi,Jalen Demo,QB,PHI,PHI,DAL,outdoors,80.5891041806316,17.991444916706673,0.0,0,0,0.0,0,0,0.0,0,0,0,0,0,Out,shoulder,-0.6,46.7,2024_5_DAL_PHI,0.0
2024,5,2024-09-29,p_rb_phi,Saquon Demo,RB,PHI,PHI,DAL,outdoors,51.40429332203797,8.263060379556903,0.0,0,0,39.7,0,5,57.5,1,6,16,16,0,,,2.1,47.6,2024_5_DAL_PHI,18.22
2024,5,2024-09-29,p_wr_dal,CeeDee Demo,WR,DAL,PHI,DAL,outdoors,57.06630538415694,10.259611416968244,0.0,0,0,0.5,0,4,116.2,0,5,0,0,0,,,-3.8,45.5,2024_5_DAL_PHI,13.670000000000002
2024,5,2024-09-29,p_te_phi,Dallas Demo,TE,PHI,PHI,DAL,outdoors,63.86879413072408,8.860155683902342,0.0,0,0,0.0,0,5,27.7,0,7,0,0,0,,,-4.6,40.4,2024_5_DAL_PHI,5.27
2024,6,2024-10-06,p_qb_kc,Patrick Demo,QB,KC,KC,BUF,outdoors,58.680324228586244,11.055306000369715,139.6,0,1,39.5,0,0,0.0,0,0,0,4,0,,,4.2,62.0,2024_6_BUF_KC,7.534
2024,6,2024-10-06,p_rb_kc,Isiah Demo,RB,KC,KC,BUF,outdoors,65.43065721790973,0.0,0.0,0,0,84.9,0,3,6.8,0,4,6,6,0,,,-1.6,39.0,2024_6_BUF_KC,10.67
2024,6,2024-10-06,p_wr_kc,Rashee Demo,WR,KC,KC,BUF,outdoors,53.989860207862705,17.53817985221013,0.0,0,0,8.1,0,3,62.5,0,3,1,1,0,,,0.7,45.0,2024_6_BUF_KC,8.56
2024,6,2024-10-06,p_te_kc,Travis Demo,TE,KC,KC,BUF,outdoors,74.56888128517487,8.018526753987372,0.0,0,0,0.0,0,3,30.9,0,3,0,0,0,,,6.0,45.0,2024_6_BUF_KC,4.59
2024,6,2024-10-06,p_qb_buf,Josh Demo,QB,BUF,KC,BUF,outdoors,17.818652231487484,10.841556544829395,240.3,1,0,0.0,0,0,0.0,0,0,0,3,0,,,-3.9,38.7,2024_6_BUF_KC,13.612
2024,6,2024-10-06,p_rb_buf,James Demo,RB,BUF,KC,BUF,outdoors,79.20161440338039,9.015832383705192,0.0,0,0,21.6,0,2,42.3,0,3,0,0,0,,,-4.0,38.9,2024_6_BUF_KC,7.39
2024,6,2024-10-06,p_wr_buf,Stefon Demo,WR,BUF,KC,BUF,outdoors,61.16456663545017,0.0,0.0,0,0,5.5,0,6,66.4,0,6,1,1,0,,,-6.0,51.3,2024_6_BUF_KC,10.190000000000001
2024,6,2024-10-06,p_qb_sf,Brock Demo,QB,SF,SF,PHI,outdoors,53.562482505357146,0.0,241.2,3,0,32.1,0,0,0.0,0,0,0,3,1,,,5.8,47.9,2024_6_PHI_SF,22.858
2024,6,2024-10-06,p_rb_sf,CMC Demo,RB,SF,SF,PHI,outdoors,45.462961651785534,6.485371030471789,0.0,0,0,89.0,1,4,67.7,0,6,7,7,0,,,-0.2,50.4,2024_6_PHI_SF,23.669999999999998
2024,6,2024-10-06,p_wr_sf,Deebo Demo,WR,SF,SF,PHI,outdoors,67.45935321309747,7.208504132751373,0.0,0,0,0.0,0,4,29.1,0,6,0,0,0,,,2.5,49.2,2024_6_PHI_SF,4.91
2024,6,2024-10-06,p_qb_no,Derek Demo,QB,NO,NO,MIN,dome,,,186.9,1,0,0.0,1,0,0.0,0,0,0,3,0,,,1.4,49.2,2024_6_MIN_NO,17.476
2024,6,2024-10-06,p_wr_no,Chris Demo,WR,NO,NO,MIN,dome,,,0.0,0,0,0.0,0,3,32.5,1,5,0,0,0,,,0.3,33.0,2024_6_MIN_NO,10.75
2024,6,2024-10-06,p_qb_min,Kirk Demo,QB,MIN,NO,MIN,dome,,,196.3,1,1,22.2,0,0,0.0,0,0,0,0,0,,,3.1,49.6,2024_6_MIN_NO,12.072000000000001
2024,6,2024-10-06,p_rb_min,Aaron Demo,RB,MIN,NO,MIN,dome,,,0.0,0,0,46.0,0,0,18.3,0,1,16,16,0,,,4.0,41.8,2024_6_MIN_NO,6.430000000000001
2024,6,2024-10-06,p_qb_det,Jared Demo,QB,DET,BAL,DET,outdoors,54.33872294338305,6.3770155205149255,207.5,1,3,41.1,0,0,0.0,0,0,0,2,0,,,0.6,42.5,2024_6_DET_BAL,10.41
2024,6,2024-10-06,p_wr_det,Amon Demo,WR,DET,BAL,DET,outdoors,76.78132198058972,1.4318594549791834,0.0,0,0,0.0,0,4,51.9,0,4,0,0,0,,,-1.1,44.6,2024_6_DET_BAL,7.19
2024,6,2024-10-06,p_qb_phi,Jalen Demo,QB,PHI,SF,PHI,outdoors,66.72610342071727,10.455273024043928,327.2,2,0,0.0,0,0,0.0,0,0,0,2,0,Doubtful,ankle,-0.5,53.2,2024_6_PHI_SF,21.088
2024,6,2024-10-06,p_rb_phi,Saquon Demo,RB,PHI,SF,PHI,outdoors,60.330643160051444,17.810028319211238,0.0,0,0,68.5,0,2,14.7,0,3,3,3,0,,,-2.6,42.0,2024_6_PHI_SF,9.32
2024,6,2024-10-06,p_wr_dal,CeeDee Demo,WR,DAL,DAL,MIA,dome,,,0.0,0,0,1.0,0,8,127.8,0,11,0,0,0,,,4.0,47.4,2024_6_MIA_DAL,16.880000000000003
2024,6,2024-10-06,p_te_phi,Dallas Demo,TE,PHI,SF,PHI,outdoors,56.08859620886528,5.612906892961457,0.0,0,0,0.0,0,7,58.7,0,9,0,0,0,,,8.3,52.6,2024_6_PHI_SF,9.370000000000001
2024,7,2024-10-13,p_qb_kc,Patrick Demo,QB,KC,CHI,KC,outdoors,50.298612509746086,1.9924026704063929,352.7,1,0,0.0,0,0,0.0,0,0,0,0,0,,,0.1,50.2,2024_7_KC_CHI,18.108
2024,7,2024-10-13,p_rb_kc,Isiah Demo,RB,KC,CHI,KC,outdoors,49.28267038446356,13.04842869259411,0.0,0,0,19.2,0,3,59.3,0,3,13,13,0,Doubtful,hamstring,-0.9,43.7,2024_7_KC_CHI,9.35
2024,7,2024-10-13,p_wr_kc,Rashee Demo,WR,KC,CHI,KC,outdoors,67.72609673444256,10.770807425410865,0.0,0,0,0.0,0,5,109.7,0,7,0,0,0,,,-0.3,37.8,2024_7_KC_CHI,13.47
2024,7,2024-10-13,p_te_kc,Travis Demo,TE,KC,CHI,KC,outdoors,43.38472148667725,13.130359850767665,0.0,0,0,0.0,0,2,29.4,0,3,0,0,0,,,0.8,49.8,2024_7_KC_CHI,3.94
2024,7,2024-10-13,p_qb_buf,Josh Demo,QB,BUF,BUF,SF,outdoors,54.87448558421665,4.691878037680905,304.2,4,1,14.4,0,0,0.0,0,0,0,1,0,,,0.0,50.3,2024_7_SF_BUF,27.608
2024,7,2024-10-13,p_rb_buf,James Demo,RB,BUF,BUF,SF,outdoors,82.12448641740583,7.217307111424525,0.0,0,0,61.7,1,0,4.3,0,0,13,13,0,,,4.9,53.8,2024_7_SF_BUF,12.600000000000001
2024,7,2024-10-13,p_wr_buf,Stefon Demo,WR,BUF,BUF,SF,outdoors,42.203650041472635,5.523756899031721,0.0,0,0,11.1,0,5,57.0,0,5,0,0,0,,,0.9,50.6,2024_7_SF_BUF,9.31
2024,7,2024-10-13,p_qb_sf,Brock Demo,QB,SF,BUF,SF,outdoors,55.185181861392095,2.4280517347464237,191.0,3,0,0.0,0,0,0.0,0,0,0,5,0,,,-0.8,47.9,2024_7_SF_BUF,19.64
2024,7,2024-10-13,p_rb_sf,CMC Demo,RB,SF,BUF,SF,outdoors,63.05226184896801,23.50942901872432,0.0,0,0,65.7,0,4,57.9,0,6,3,3,0,Questionable,shoulder,2.5,40.2,2024_7_SF_BUF,14.36
2024,7,2024-10-13,p_wr_sf,Deebo Demo,WR,SF,BUF,SF,outdoors,35.789691229884,14.164018446344297,0.0,0,0,0.0,0,5,39.3,0,8,1,1,0,,,-2.2,40.3,2024_7_SF_BUF,6.43
2024,7,2024-10-13,p_qb_no,Derek Demo,QB,NO,GB,NO,outdoors,36.2307904971597,8.55979620722189,308.8,1,1,0.0,0,0,0.0,0,0,0,7,0,Questionable,hamstring,-1.4,52.3,2024_7_NO_GB,14.352
2024,7,2024-10-13,p_wr_no,Chris Demo,WR,NO,GB,NO,outdoors,63.5002586045663,14.107361001037853,0.0,0,0,2.4,0,6,117.8,0,8,1,1,0,,,-3.7,50.9,2024_7_NO_GB,15.020000000000001
2024,7,2024-10-13,p_qb_min,Kirk Demo,QB,MIN,MIN,LAR,dome,,,234.8,1,0,66.3,0,0,0.0,0,0,0,2,1,,,1.0,53.2,2024_7_LAR_MIN,18.022000000000002
2024,7,2024-10-13,p_rb_min,Aaron Demo,RB,MIN,MIN,LAR,dome,,,0.0,0,0,61.3,0,0,0.0,0,0,20,20,0,Questionable,ankle,-1.0,41.8,2024_7_LAR_MIN,6.13
2024,7,2024-10-13,p_qb_det,Jared Demo,QB,DET,DET,SEA,dome,,,201.7,3,0,15.2,0,0,0.0,0,0,0,1,0,,,-2.3,53.8,2024_7_SEA_DET,21.587999999999997
2024,7,2024-10-13,p_wr_det,Amon Demo,WR,DET,DET,SEA,dome,,,0.0,0,0,0.0,0,0,0.0,0,0,0,0,0,Out,,-1.0,46.2,2024_7_SEA_DET,0.0
2024,7,2024-10-13,p_qb_phi,Jalen Demo,QB,PHI,PHI,DAL,outdoors,49.8034562172235,16.55711399466245,189.7,0,0,27.5,0,0,0.0,0,0,0,2,0,,,-2.6,46.7,2024_7_DAL_PHI,10.338000000000001
2024,7,2024-10-13,p_rb_phi,Saquon Demo,RB,PHI,PHI,DAL,outdoors,65.27431834982512,9.61737041746169,0.0,0,0,68.0,0,1,39.6,0,1,16,16,0,Questionable,ankle,-6.0,43.3,2024_7_DAL_PHI,11.260000000000002
2024,7,2024-10-13,p_wr_dal,CeeDee Demo,WR,DAL,PHI,DAL,outdoors,53.94577116978475,1.0029714085878947,0.0,0,0,3.9,0,4,122.4,0,4,0,0,0,,,-4.1,49.6,2024_7_DAL_PHI,14.630000000000003
2024,7,2024-10-13,p_te_phi,Dallas Demo,TE,PHI,PHI,DAL,outdoors,40.639109108884114,8.120387032419558,0.0,0,0,0.0,0,1,40.5,0,2,0,0,0,,,-1.0,40.4,2024_7_DAL_PHI,4.55
2024,8,2024-10-20,p_qb_kc,Patrick Demo,QB,KC,KC,BUF,outdoors,81.37166374321508,8.364624458585665,189.9,4,0,13.1,1,0,0.0,0,0,0,4,0,Questionable,ankle,-0.2,53.4,2024_8_BUF_KC,30.906
2024,8,2024-10-20,p_rb_kc,Isiah Demo,RB,KC,KC,BUF,outdoors,37.994624716797986,14.210693093137902,0.0,0,0,60.8,1,3,20.9,0,4,15,15,0,,,3.6,51.5,2024_8_BUF_KC,15.67
2024,8,2024-10-20,p_wr_kc,Rashee Demo,WR,KC,KC,BUF,outdoors,76.2919520922243,11.043412064568942,0.0,0,0,0.0,0,0,0.0,0,0,0,0,0,Out,shoulder,-1.8,53.3,2024_8_BUF_KC,0.0
2024,8,2024-10-20,p_te_kc,Travis Demo,TE,KC,KC,BUF,outdoors,59.73371881296045,6.390636449050277,0.0,0,0,0.0,0,4,44.5,0,4,0,0,0,,,1.1,44.1,2024_8_BUF_KC,6.45
2024,8,2024-10-20,p_qb_buf,Josh Demo,QB,BUF,KC,BUF,outdoors,74.33248588466483,12.849488468277062,233.4,0,2,17.9,0,0,0.0,0,0,0,5,0,,,1.0,46.8,2024_8_BUF_KC,7.126
2024,8,2024-10-20,p_rb_buf,James Demo,RB,BUF,KC,BUF,outdoors,28.91519159200134,3.6372044545921742,0.0,0,0,0.0,0,0,0.0,0,0,0,0,0,Out,ankle,2.6,43.2,2024_8_BUF_KC,0.0
2024,8,2024-10-20,p_wr_buf,Stefon Demo,WR,BUF,KC,BUF,outdoors,54.575299965216,4.160222831299245,0.0,0,0,0.0,0,7,52.4,0,9,1,1,0,,,-7.9,45.8,2024_8_BUF_KC,8.74
2024,8,2024-10-20,p_qb_sf,Brock Demo,QB,SF,SF,PHI,outdoors,61.7684407828275,19.148975575974855,325.1,2,1,3.8,0,0,0.0,0,0,0,1,0,Questionable,shoulder,-2.7,48.1,2024_8_PHI_SF,19.384
2024,8,2024-10-20,p_rb_sf,CMC Demo,RB,SF,SF,PHI,outdoors,26.087182964248797,0.7222153934395523,0.0,0,0,29.8,0,3,29.4,0,3,17,17,0,,,2.4,47.0,2024_8_PHI_SF,7.42
2024,8,2024-10-20,p_wr_sf,Deebo Demo,WR,SF,SF,PHI,outdoors,68.7911918761015,9.880476837769956,0.0,0,0,8.4,0,0,56.3,0,3,0,0,0,,,-5.8,53.1,2024_8_PHI_SF,6.47
2024,8,2024-10-20,p_qb_no,Derek Demo,QB,NO,NO,MIN,dome,,,181.5,0,1,28.0,0,0,0.0,0,0,0,5,0,,,-0.2,45.8,2024_8_MIN_NO,8.06
2024,8,2024-10-20,p_wr_no,Chris Demo,WR,NO,NO,MIN,dome,,,0.0,0,0,0.0,0,3,65.2,0,6,0,0,0,,,-2.6,46.3,2024_8_MIN_NO,8.02
2024,8,2024-10-20,p_qb_min,Kirk Demo,QB,MIN,NO,MIN,dome,,,235.8,0,0,14.9,0,0,0.0,0,0,0,3,0,,,5.0,49.0,2024_8_MIN_NO,10.922
2024,8,2024-10-20,p_rb_min,Aaron Demo,RB,MIN,NO,MIN,dome,,,0.0,0,0,34.6,1,0,10.9,0,0,8,8,0,,,-0.3,48.9,2024_8_MIN_NO,10.55
2024,8,2024-10-20,p_qb_det,Jared Demo,QB,DET,BAL,DET,outdoors,30.954998777073424,10.448130719362013,133.1,1,0,12.2,0,0,0.0,0,0,0,4,0,,,-2.6,46.2,2024_8_DET_BAL,10.544
2024,8,2024-10-20,p_wr_det,Amon Demo,WR,DET,BAL,DET,outdoors,80.77355862177072,11.931618341457897,0.0,0,0,8.1,0,3,49.3,0,5,1,1,0,,,5.1,50.4,2024_8_DET_BAL,7.24
2024,8,2024-10-20,p_qb_phi,Jalen Demo,QB,PHI,SF,PHI,outdoors,64.6256597352078,9.11449581501919,293.2,2,0,2.4,0,0,0.0,0,0,0,0,0,,,0.3,54.4,2024_8_PHI_SF,19.968
2024,8,2024-10-20,p_rb_phi,Saquon Demo,RB,PHI,SF,PHI,outdoors,56.22295418847234,7.838043616092811,0.0,0,0,108.6,0,2,3.2,0,3,26,26,0,,,-2.8,45.4,2024_8_PHI_SF,12.18
2024,8,2024-10-20,p_wr_dal,CeeDee Demo,WR,DAL,DAL,MIA,dome,,,0.0,0,0,0.7,0,3,45.4,1,4,0,0,0,,,-5.3,46.4,2024_8_MIA_DAL,12.11
2024,8,2024-10-20,p_te_phi,Dallas Demo,TE,PHI,SF,PHI,outdoors,50.17527477037053,8.993853387443592,0.0,0,0,0.0,0,5,62.5,0,7,0,0,0,,,-4.2,43.0,2024_8_PHI_SF,8.75
2024,9,2024-10-27,p_qb_kc,Patrick Demo,QB,KC,CHI,KC,outdoors,43.20570817521276,8.480285695587215,192.1,0,3,23.5,0,0,0.0,0,0,0,2,0,,,4.3,36.9,2024_9_KC_CHI,4.034000000000001
2024,9,2024-10-27,p_rb_kc,Isiah Demo,RB,KC,CHI,KC,outdoors,91.66150453489554,0.0,0.0,0,0,0.0,0,0,0.0,0,0,0,0,0,Out,knee,2.1,40.1,2024_9_KC_CHI,0.0
2024,9,2024-10-27,p_wr_kc,Rashee Demo,WR,KC,CHI,KC,outdoors,84.8911420125298,4.787866601457819,0.0,0,0,1.3,0,4,81.4,0,7,0,0,0,,,-5.5,44.0,2024_9_KC_CHI,10.27
2024,9,2024-10-27,p_te_kc,Travis Demo,TE,KC,CHI,KC,outdoors,29.17073095680099,12.096704600872203,0.0,0,0,0.0,0,1,82.3,1,3,0,0,0,,,1.8,39.8,2024_9_KC_CHI,14.73
2024,9,2024-10-27,p_qb_buf,Josh Demo,QB,BUF,BUF,SF,outdoors,47.52711364848445,2.5638233920582323,232.6,0,1,0.0,0,0,0.0,0,0,0,0,1,,,-4.1,46.0,2024_9_SF_BUF,5.304
2024,9,2024-10-27,p_rb_buf,James Demo,RB,BUF,BUF,SF,outdoors,49.84406992693218,12.006786181777745,0.0,0,0,122.5,1,2,28.7,0,4,8,8,0,,,1.0,36.4,2024_9_SF_BUF,22.12
2024,9,2024-10-27,p_wr_buf,Stefon Demo,WR,BUF,BUF,SF,outdoors,77.74037686824286,13.609555345370627,0.0,0,0,0.0,0,2,78.8,1,5,1,1,0,,,7.3,37.4,2024_9_SF_BUF,14.879999999999999
2024,9,2024-10-27,p_qb_sf,Brock Demo,QB,SF,BUF,SF,outdoors,53.492367447787025,6.3447473426395975,167.8,5,1,0.0,0,0,0.0,0,0,0,4,0,,,-1.2,49.3,2024_9_SF_BUF,24.712
2024,9,2024-10-27,p_rb_sf,CMC Demo,RB,SF,BUF,SF,outdoors,49.46180062796785,11.480023933241,0.0,0,0,0.0,0,0,0.0,0,0,0,0,0,Out,shoulder,6.2,50.4,2024_9_SF_BUF,0.0
2024,9,2024-10-27,p_wr_sf,Deebo Demo,WR,SF,BUF,SF,outdoors,50.495230402583914,14.911637229482324,0.0,0,0,0.2,0,3,121.2,0,3,0,0,0,,,2.1,56.4,2024_9_SF_BUF,13.64
2024,9,2024-10-27,p_qb_no,Derek Demo,QB,NO,GB,NO,outdoors,51.039932615983055,2.161240412007902,314.9,4,1,45.7,0,0,0.0,0,0,0,0,0,,,-2.6,38.7,2024_9_NO_GB,31.166
2024,9,2024-10-27,p_wr_no,Chris Demo,WR,NO,GB,NO,outdoors,66.16613100546573,6.122999180123833,0.0,0,0,3.8,0,3,67.0,0,5,1,1,0,,,-6.3,53.6,2024_9_NO_GB,8.58
2024,9,2024-10-27,p_qb_min,Kirk Demo,QB,MIN,MIN,LAR,dome,,,313.0,0,1,6.0,0,0,0.0,0,0,0,1,0,Doubtful,hamstring,-1.6,47.7,2024_9_LAR_MIN,11.12
2024,9,2024-10-27,p_rb_min,Aaron Demo,RB,MIN,MIN,LAR,dome,,,0.0,0,0,71.7,0,3,25.9,1,5,14,14,0,Questionable,,-0.5,41.0,2024_9_LAR_MIN,17.26
2024,9,2024-10-27,p_qb_det,Jared Demo,QB,DET,DET,SEA,dome,,,313.5,3,2,19.1,0,0,0.0,0,0,0,0,0,,,0.1,47.7,2024_9_SEA_DET,22.45
2024,9,2024-10-27,p_wr_det,Amon Demo,WR,DET,DET,SEA,dome,,,0.0,0,0,8.9,0,4,118.2,1,7,1,1,0,,,-1.3,49.2,2024_9_SEA_DET,20.71
2024,9,2024-10-27,p_qb_phi,Jalen Demo,QB,PHI,PHI,DAL,outdoors,15.070519942640075,0.0,326.3,1,1,14.6,0,0,0.0,0,0,0,2,0,,,-4.0,54.2,2024_9_DAL_PHI,16.512
2024,9,2024-10-27,p_rb_phi,Saquon Demo,RB,PHI,PHI,DAL,outdoors,62.17421051095266,7.945681266509021,0.0,0,0,24.7,0,3,19.2,0,3,14,14,0,Doubtful,,4.3,45.5,2024_9_DAL_PHI,5.890000000000001
2024,9,2024-10-27,p_wr_dal,CeeDee Demo,WR,DAL,PHI,DAL,outdoors,51.98295733237571,7.319001456080108,0.0,0,0,0.0,0,6,38.7,0,6,0,0,0,,,-6.8,44.8,2024_9_DAL_PHI,6.870000000000001
2024,9,2024-10-27,p_te_phi,Dallas Demo,TE,PHI,PHI,DAL,outdoors,49.324929482141464,6.876341228933392,0.0,0,0,0.0,0,4,41.9,1,5,0,0,0,,,-4.2,44.1,2024_9_DAL_PHI,12.190000000000001
2024,10,2024-11-03,p_qb_kc,Patrick Demo,QB,KC,KC,BUF,outdoors,69.12072925735518,7.538208965810606,199.0,1,1,0.0,0,0,0.0,0,0,0,5,0,Doubtful,ankle,1.9,41.8,2024_10_BUF_KC,9.96
2024,10,2024-11-03,p_rb_kc,Isiah Demo,RB,KC,KC,BUF,outdoors,39.60876998603027,8.196139638808782,0.0,0,0,71.8,0,4,13.1,0,5,5,5,0,,,-0.9,43.9,2024_10_BUF_KC,10.49
2024,10,2024-11-03,p_wr_kc,Rashee Demo,WR,KC,KC,BUF,outdoors,35.43651601610135,15.019780267750061,0.0,0,0,0.0,0,4,96.4,0,5,1,1,0,,,-0.9,42.2,2024_10_BUF_KC,11.64
2024,10,2024-11-03,p_te_kc,Travis Demo,TE,KC,KC,BUF,outdoors,33.978232784137305,12.06517868443811,0.0,0,0,0.0,0,4,49.7,0,5,0,0,0,,,-2.9,43.3,2024_10_BUF_KC,6.970000000000001
2024,10,2024-11-03,p_qb_buf,Josh Demo,QB,BUF,KC,BUF,outdoors,53.63552657813007,3.8465113169911342,128.6,2,2,42.7,0,0,0.0,0,0,0,6,0,Questionable,hamstring,2.8,45.0,2024_10_BUF_KC,13.414000000000001
2024,10,2024-11-03,p_rb_buf,James Demo,RB,BUF,KC,BUF,outdoors,49.93244002974607,11.10625805447528,0.0,0,0,44.8,1,0,59.5,0,0,16,16,0,,,1.2,53.2,2024_10_BUF_KC,16.43
2024,10,2024-11-03,p_wr_buf,Stefon Demo,WR,BUF,KC,BUF,outdoors,90.96064884396553,13.43555099244383,0.0,0,0,0.0,0,0,0.0,0,0,0,0,0,Out,knee,2.1,55.8,2024_10_BUF_KC,0.0
2024,10,2024-11-03,p_qb_sf,Brock Demo,QB,SF,SF,PHI,outdoors,79.1444658554745,5.202646284255486,223.2,2,2,0.0,0,0,0.0,0,0,0,3,0,,,0.1,49.5,2024_10_PHI_SF,12.927999999999997
2024,10,2024-11-03,p_rb_sf,CMC Demo,RB,SF,SF,PHI,outdoors,50.34857037115854,2.778889922119207,0.0,0,0,72.7,1,0,7.2,0,1,12,12,0,,,2.8,38.0,2024_10_PHI_SF,13.99
2024,10,2024-11-03,p_wr_sf,Deebo Demo,WR,SF,SF,PHI,outdoors,49.991667827328065,7.121735979300716,0.0,0,0,0.0,0,3,53.0,0,4,0,0,0,,,5.9,48.4,2024_10_PHI_SF,6.800000000000001
2024,10,2024-11-03,p_qb_no,Derek Demo,QB,NO,NO,MIN,dome,,,255.7,3,0,15.8,0,0,0.0,0,0,0,5,0,,,-1.0,48.5,2024_10_MIN_NO,23.808
2024,10,2024-11-03,p_wr_no,Chris Demo,WR,NO,NO,MIN,dome,,,0.0,0,0,10.4,0,5,52.8,0,8,1,1,0,,,-3.3,51.5,2024_10_MIN_NO,8.82
2024,10,2024-11-03,p_qb_min,Kirk Demo,QB,MIN,NO,MIN,dome,,,257.6,0,0,55.4,0,0,0.0,0,0,0,3,0,,,2.9,47.4,2024_10_MIN_NO,15.844000000000001
2024,10,2024-11-03,p_rb_min,Aaron Demo,RB,MIN,NO,MIN,dome,,,0.0,0,0,88.2,0,4,64.3,0,5,27,27,0,,,6.0,46.1,2024_10_MIN_NO,17.25
2024,10,2024-11-03,p_qb_det,Jared Demo,QB,DET,BAL,DET,outdoors,44.67281633701309,11.128722715447939,234.8,5,1,7.7,0,0,0.0,0,0,0,5,0,,,2.4,44.3,2024_10_DET_BAL,28.162000000000003
2024,10,2024-11-03,p_wr_det,Amon Demo,WR,DET,BAL,DET,outdoors,60.048163364139704,14.137256484043277,0.0,0,0,7.2,0,4,91.3,0,5,0,0,0,,,-2.5,50.2,2024_10_DET_BAL,11.850000000000001
2024,10,2024-11-03,p_qb_phi,Jalen Demo,QB,PHI,SF,PHI,outdoors,39.307266704041176,0.0,299.9,1,0,0.0,0,0,0.0,0,0,0,2,0,,,5.0,39.4,2024_10_PHI_SF,15.995999999999999
2024,10,2024-11-03,p_rb_phi,Saquon Demo,RB,PHI,SF,PHI,outdoors,70.47285662490552,7.068114680216087,0.0,0,0,65.2,0,3,36.6,0,3,9,9,0,,,4.7,46.9,2024_10_PHI_SF,11.68
2024,10,2024-11-03,p_wr_dal,CeeDee Demo,WR,DAL,DAL,MIA,dome,,,0.0,0,0,1.4,0,5,30.7,0,5,0,0,0,Questionable,ankle,-6.6,47.8,2024_10_MIA_DAL,5.710000000000001
2024,10,2024-11-03,p_te_phi,Dallas Demo,TE,PHI,SF,PHI,outdoors,62.746214241316075,6.042337831222861,0.0,0,0,0.0,0,2,25.7,0,3,0,0,0,,,0.6,45.0,2024_10_PHI_SF,3.5700000000000003
